Age,Gender,Location_Type,Budget_Range,Practical_Skills,Interest_Area,Work_Mode,Risk_Tolerance,Available_Time_Per_Day,Literacy_Level,Assets_Owned,Community_Support_Level,Recommended_Business_Idea,Business_Category,Feasibility_Score,User_Satisfaction
27,Female,Semi-Urban,Low,"Crafting, Teaching",Agriculture,Outdoor,High,8,Primary,Land + Vehicle,Low,Poultry Business,Agriculture,0.74,0.7
55,Female,Rural,Low,"Crafting, Pickle Making, Sewing",Beauty,Home-based,Low,7,Secondary,Land + Vehicle,Low,Mehendi Services,Beauty,0.51,0.67
28,Male,Semi-Urban,Medium,"Home Cleaning, Sewing, Crafting",Education,Home-based,Low,9,Secondary,Land + Vehicle,Medium,Home Tuition,Education,0.48,0.74
39,Female,Semi-Urban,Medium,"Food Delivery, Pickle Making, Mobile Repair, Photography",Creative Services,Outdoor,Medium,4,Secondary,None,Medium,Video Editing Service,Creative Services,0.77,0.61
33,Female,Semi-Urban,Low,"Mobile Repair, Daycare Management, Dairy Management",Art & Craft,Outdoor,High,6,Primary,None,Low,Candle Making,Art & Craft,0.92,0.61
41,Female,Urban,Medium,"Mushroom Cultivation, Paper Craft, Video Editing",E-commerce,Home-based,Medium,8,Secondary,Vehicle,High,Dropshipping,E-commerce,0.86,0.51
19,Male,Semi-Urban,Low,"Cooking, Photography",Creative Services,Outdoor,Low,4,None,Vehicle,High,Photography Studio,Creative Services,0.8,0.93
27,Female,Rural,Low,"Food Delivery, Tailoring, Farming",Food & Beverage,Home-based,High,5,Secondary,Phone + Internet,Low,Homemade Pickles,Food & Beverage,0.59,0.65
49,Female,Semi-Urban,Medium,"Baking, Food Delivery, Video Editing",Agriculture,Outdoor,Medium,4,Primary,Vehicle,Low,Poultry Business,Agriculture,0.9,0.79
32,Female,Urban,Medium,"Mushroom Cultivation, Video Editing",Creative Services,Hybrid,High,10,Secondary,Land + Vehicle,High,Photography Studio,Creative Services,0.6,0.59
47,Female,Rural,Low,"Daycare Management, Dairy Management",Food & Beverage,Hybrid,High,4,Primary,Land,Low,Spice Mixing,Food & Beverage,0.75,0.61
20,Female,Rural,Low,"Photography, Paper Craft",Apparel,Outdoor,Low,4,None,Internet,Medium,Tailoring Business,Apparel,0.73,0.65
39,Female,Rural,Low,"Mushroom Cultivation, Crafting, Food Delivery",Beauty,Hybrid,Medium,5,None,Land + Vehicle,Low,Home Salon,Beauty,0.87,0.94
24,Male,Urban,Medium,"Pickle Making, Mushroom Cultivation, Photography, Baking",Art & Craft,Home-based,Low,5,None,None,Medium,Jewelry Design,Art & Craft,0.54,0.65
38,Female,Rural,Medium,"Reselling, Content Creation, Digital Marketing",Technology,Hybrid,High,4,Secondary,Phone + Internet,High,Digital Marketing Agency,Technology,0.68,0.56
23,Female,Semi-Urban,Medium,"Hair Styling, Pickle Making",Agriculture,Hybrid,Medium,8,Primary,Internet,Medium,Dairy Farming,Agriculture,0.87,0.68
34,Female,Semi-Urban,Low,"Mobile Repair, Video Editing, Hair Styling",Creative Services,Hybrid,High,2,Secondary,Land,Low,Photography Studio,Creative Services,0.87,0.72
53,Female,Rural,Low,"Mobile Repair, Pickle Making, Crafting, Makeup",Agriculture,Home-based,High,9,None,Internet,Low,Dairy Farming,Agriculture,0.7,0.87
21,Female,Rural,Low,"Baking, Content Creation",Creative Services,Home-based,Medium,9,Secondary,Phone + Internet,High,Content Creation Agency,Creative Services,0.47,0.78
42,Female,Rural,Low,"Content Creation, Pickle Making, Tailoring, Crafting",Beauty,Home-based,Medium,6,Secondary,Phone + Internet,Low,Home Salon,Beauty,0.71,0.63
49,Male,Rural,Medium,"Daycare Management, Content Creation, Teaching",Art & Craft,Hybrid,High,3,None,Internet,High,Candle Making,Art & Craft,0.4,0.98
30,Male,Semi-Urban,Low,"Paper Craft, Mushroom Cultivation, Mobile Repair",Beauty,Outdoor,Medium,8,None,Internet,Medium,Home Salon,Beauty,0.5,0.79
40,Female,Semi-Urban,Low,"Poultry Care, Embroidery",E-commerce,Outdoor,Low,9,Secondary,Vehicle,Medium,Handmade Products Store,E-commerce,0.42,0.56
29,Female,Urban,Medium,"Cooking, Home Cleaning, Pickle Making, Content Creation",Agriculture,Hybrid,Medium,10,None,Land,Low,Dairy Farming,Agriculture,0.6,0.57
43,Female,Urban,Low,"Teaching, Embroidery",Creative Services,Home-based,High,5,Secondary,Land,Medium,Video Editing Service,Creative Services,0.84,0.87
49,Female,Rural,Low,"Video Editing, Daycare Management",Agriculture,Hybrid,Medium,6,None,Phone,Medium,Dairy Farming,Agriculture,0.66,0.96
32,Male,Semi-Urban,Medium,"Dairy Management, Tailoring, Pickle Making",Creative Services,Home-based,Low,8,None,Phone + Internet,Low,Video Editing Service,Creative Services,0.79,0.68
24,Male,Semi-Urban,Low,"Paper Craft, Food Delivery, Farming",Art & Craft,Outdoor,Medium,6,Primary,Phone,High,Candle Making,Art & Craft,0.8,0.76
18,Female,Urban,Medium,"Baking, Mobile Repair, Reselling",Agriculture,Home-based,Medium,8,Secondary,Phone + Internet,Medium,Dairy Farming,Agriculture,0.86,0.88
32,Female,Rural,Low,"Poultry Care, Baking, Crafting",Food & Beverage,Hybrid,Medium,8,Primary,Vehicle,High,Homemade Pickles,Food & Beverage,0.52,0.58
47,Female,Urban,Medium,"Makeup, Crafting, Digital Marketing",Food & Beverage,Outdoor,Low,8,Secondary,Phone,High,Tiffin Service,Food & Beverage,0.72,0.63
42,Female,Semi-Urban,High,"Poultry Care, Dairy Management, Farming",Technology,Outdoor,Low,5,None,Vehicle,Low,YouTube Channel,Technology,0.62,0.81
47,Female,Urban,Low,"Embroidery, Food Delivery",Food & Beverage,Home-based,Low,9,Secondary,Phone,High,Snack Stall,Food & Beverage,0.63,0.8
29,Female,Urban,Low,"Photography, Reselling, Daycare Management, Dairy Management",Technology,Home-based,Medium,7,None,None,Low,Digital Marketing Agency,Technology,0.51,0.85
27,Female,Urban,Medium,"Video Editing, Paper Craft",Agriculture,Hybrid,Medium,9,None,None,Medium,Mushroom Cultivation,Agriculture,0.75,0.8
18,Female,Semi-Urban,Low,"Pickle Making, Content Creation",Education,Outdoor,High,10,None,None,Low,Spoken English Classes,Education,0.41,0.5
47,Female,Semi-Urban,Low,"Crafting, Tailoring",E-commerce,Hybrid,High,9,None,Vehicle,Low,Dropshipping,E-commerce,0.86,0.86
53,Female,Urban,Low,"Sewing, Poultry Care, Farming",Creative Services,Hybrid,High,5,None,Internet,Low,Content Creation Agency,Creative Services,0.73,0.65
37,Male,Semi-Urban,High,"Paper Craft, Mushroom Cultivation, Photography, Food Delivery",Technology,Home-based,High,7,None,None,Low,Digital Marketing Agency,Technology,0.63,0.99
37,Female,Urban,Medium,"Daycare Management, Dairy Management, Food Delivery, Sewing",Creative Services,Hybrid,High,6,Secondary,Land,Low,Video Editing Service,Creative Services,0.48,0.52
27,Female,Rural,Medium,"Pickle Making, Food Delivery, Tailoring",Technology,Home-based,Medium,10,Secondary,Internet,High,Digital Marketing Agency,Technology,0.53,0.73
52,Female,Semi-Urban,High,"Teaching, Home Cleaning, Embroidery, Poultry Care",E-commerce,Outdoor,Medium,5,Secondary,Land,Medium,Dropshipping,E-commerce,0.58,0.59
47,Male,Rural,Low,"Mushroom Cultivation, Reselling, Content Creation",Domestic Services,Hybrid,Medium,4,Primary,Vehicle,Low,Home Cook,Domestic Services,0.89,0.6
25,Male,Semi-Urban,Low,"Pickle Making, Reselling, Photography",Art & Craft,Outdoor,Low,3,None,Internet,Medium,Candle Making,Art & Craft,0.64,0.99
29,Female,Urban,Medium,"Teaching, Hair Styling, Sewing, Embroidery",Art & Craft,Hybrid,High,9,None,Internet,High,Jewelry Design,Art & Craft,0.47,0.98
52,Male,Rural,High,"Embroidery, Reselling",Agriculture,Hybrid,High,2,Primary,Internet,High,Mushroom Cultivation,Agriculture,0.92,0.66
54,Male,Urban,Medium,"Tailoring, Video Editing",Domestic Services,Outdoor,High,5,None,None,High,Babysitting,Domestic Services,0.71,0.72
44,Female,Urban,Low,"Candle Making, Hair Styling, Sewing",Apparel,Home-based,Medium,5,Secondary,Land + Vehicle,High,Tailoring Business,Apparel,0.63,0.7
37,Female,Rural,Medium,"Dairy Management, Candle Making",E-commerce,Hybrid,Low,9,Primary,Land + Vehicle,Low,Handmade Products Store,E-commerce,0.67,0.99
30,Female,Rural,Medium,"Photography, Mobile Repair, Pickle Making, Digital Marketing",Art & Craft,Outdoor,Low,9,Primary,Phone + Internet,High,Jewelry Design,Art & Craft,0.71,0.57
33,Female,Semi-Urban,Medium,"Reselling, Dairy Management",Art & Craft,Home-based,Medium,3,Primary,Vehicle,Medium,Candle Making,Art & Craft,0.71,0.68
38,Female,Semi-Urban,Low,"Video Editing, Mushroom Cultivation, Crafting",Technology,Hybrid,Medium,4,None,Internet,High,YouTube Channel,Technology,0.62,0.87
48,Male,Rural,Low,"Poultry Care, Teaching, Farming",Technology,Outdoor,Low,7,None,Land + Vehicle,Medium,YouTube Channel,Technology,0.76,0.78
25,Male,Rural,Low,"Tailoring, Makeup, Home Cleaning",Beauty,Outdoor,Medium,4,None,Phone + Internet,High,Skincare Product Making,Beauty,0.72,0.85
26,Female,Rural,Low,"Teaching, Candle Making",Creative Services,Outdoor,Medium,6,Primary,Land + Vehicle,High,Content Creation Agency,Creative Services,0.81,0.61
39,Female,Urban,Low,"Embroidery, Farming",Technology,Outdoor,Medium,9,None,Vehicle,Medium,Digital Marketing Agency,Technology,0.61,0.68
54,Female,Urban,Low,"Cooking, Pickle Making, Photography, Food Delivery",Art & Craft,Hybrid,High,7,None,Phone,Low,Jewelry Design,Art & Craft,0.42,0.86
50,Female,Urban,Low,"Dairy Management, Pickle Making, Makeup, Tailoring",Creative Services,Outdoor,High,4,Secondary,Phone,Low,Video Editing Service,Creative Services,0.53,0.53
45,Male,Urban,Medium,"Mushroom Cultivation, Crafting, Food Delivery",Technology,Home-based,Low,3,Primary,Phone,Medium,YouTube Channel,Technology,0.45,0.9
40,Female,Rural,Medium,"Poultry Care, Cooking",Apparel,Hybrid,Low,6,Secondary,Phone,Low,Tailoring Business,Apparel,0.61,0.84
39,Female,Semi-Urban,Medium,"Tailoring, Digital Marketing",Agriculture,Hybrid,Medium,6,None,Phone + Internet,Low,Mushroom Cultivation,Agriculture,0.91,0.6
48,Female,Urban,Low,"Cooking, Digital Marketing",Art & Craft,Home-based,Low,10,Primary,Phone + Internet,Low,Paper Crafts,Art & Craft,0.62,0.76
39,Female,Semi-Urban,Medium,"Tailoring, Paper Craft, Embroidery",Beauty,Hybrid,Low,2,Primary,Internet,High,Mehendi Services,Beauty,0.92,0.52
24,Female,Rural,Low,"Baking, Digital Marketing, Sewing",Food & Beverage,Hybrid,Medium,9,Secondary,Internet,Low,Tiffin Service,Food & Beverage,0.52,0.72
28,Female,Rural,Low,"Content Creation, Mobile Repair, Dairy Management, Reselling",Agriculture,Outdoor,Medium,4,None,Phone + Internet,Low,Dairy Farming,Agriculture,0.56,0.84
54,Female,Rural,Low,"Candle Making, Food Delivery, Pickle Making",E-commerce,Outdoor,Medium,6,Secondary,Land + Vehicle,Low,Handmade Products Store,E-commerce,0.7,0.92
41,Male,Urban,Low,"Digital Marketing, Content Creation",Education,Home-based,Low,9,Secondary,Land,Medium,Spoken English Classes,Education,0.8,0.86
32,Female,Rural,Low,"Paper Craft, Candle Making, Dairy Management, Home Cleaning",Apparel,Outdoor,High,6,Primary,None,High,Tailoring Business,Apparel,0.88,0.68
39,Female,Semi-Urban,Medium,"Content Creation, Hair Styling, Paper Craft, Daycare Management",Agriculture,Home-based,High,2,Primary,None,High,Poultry Business,Agriculture,0.59,0.78
42,Female,Rural,Low,"Digital Marketing, Cooking, Video Editing, Sewing",Education,Hybrid,High,2,Secondary,Phone + Internet,Medium,Daycare Center,Education,0.76,0.6
31,Male,Urban,Low,"Teaching, Content Creation, Farming, Paper Craft",Education,Outdoor,High,2,None,None,Medium,Daycare Center,Education,0.65,1.0
28,Female,Semi-Urban,Low,"Video Editing, Pickle Making, Digital Marketing",Technology,Hybrid,Medium,10,Secondary,Internet,Medium,Digital Marketing Agency,Technology,0.77,0.61
38,Female,Semi-Urban,High,"Farming, Video Editing",Education,Hybrid,Medium,10,None,Phone + Internet,Medium,Spoken English Classes,Education,0.59,0.65
29,Female,Rural,Low,"Daycare Management, Baking, Candle Making",Creative Services,Outdoor,High,9,Primary,Internet,Low,Video Editing Service,Creative Services,0.71,0.97
26,Male,Urban,Medium,"Candle Making, Hair Styling",Art & Craft,Home-based,High,9,Primary,None,Medium,Jewelry Design,Art & Craft,0.54,0.94
33,Female,Semi-Urban,Low,"Teaching, Food Delivery, Tailoring",Apparel,Home-based,Medium,10,None,Internet,Medium,Embroidery Shop,Apparel,0.68,0.51
25,Female,Semi-Urban,High,"Candle Making, Content Creation, Farming, Sewing",Education,Hybrid,High,4,Primary,Phone + Internet,Medium,Spoken English Classes,Education,0.42,0.65
30,Female,Rural,Medium,"Mobile Repair, Farming",Apparel,Hybrid,Medium,2,Primary,Land,Low,Embroidery Shop,Apparel,0.91,0.84
25,Female,Urban,Low,"Pickle Making, Dairy Management, Poultry Care, Sewing",Agriculture,Hybrid,Medium,4,Primary,Land + Vehicle,Low,Poultry Business,Agriculture,0.84,0.79
18,Female,Semi-Urban,Low,"Digital Marketing, Embroidery, Food Delivery",Agriculture,Hybrid,High,3,None,Phone + Internet,High,Mushroom Cultivation,Agriculture,0.42,0.87
18,Female,Rural,Medium,"Content Creation, Makeup, Video Editing",Agriculture,Outdoor,Medium,7,None,Land,High,Dairy Farming,Agriculture,0.81,0.9
41,Female,Rural,Low,"Content Creation, Dairy Management, Food Delivery",Agriculture,Outdoor,Low,7,Secondary,Phone,Medium,Dairy Farming,Agriculture,0.5,0.84
26,Female,Rural,Low,"Dairy Management, Makeup",Food & Beverage,Home-based,High,5,Secondary,Phone,Medium,Spice Mixing,Food & Beverage,0.76,0.91
41,Female,Semi-Urban,Medium,"Reselling, Dairy Management",Creative Services,Hybrid,Low,8,None,Internet,Medium,Video Editing Service,Creative Services,0.57,0.58
28,Female,Semi-Urban,Low,"Paper Craft, Mobile Repair",Food & Beverage,Outdoor,Medium,4,None,Vehicle,High,Spice Mixing,Food & Beverage,0.49,0.79
20,Female,Urban,Low,"Pickle Making, Teaching",Technology,Outdoor,Medium,7,None,None,High,Mobile Repair Shop,Technology,0.88,0.96
23,Female,Rural,Low,"Dairy Management, Sewing, Farming",Food & Beverage,Outdoor,Medium,3,None,Phone,Low,Tiffin Service,Food & Beverage,0.94,0.64
40,Female,Urban,Medium,"Dairy Management, Hair Styling",Domestic Services,Hybrid,Medium,6,Secondary,Internet,High,Cleaning Services,Domestic Services,0.84,0.79
48,Female,Urban,Medium,"Food Delivery, Makeup",Food & Beverage,Home-based,High,3,Secondary,None,Medium,Tiffin Service,Food & Beverage,0.94,0.62
48,Female,Semi-Urban,Medium,"Dairy Management, Teaching, Photography",Technology,Home-based,Medium,6,Primary,Phone,Medium,Mobile Repair Shop,Technology,0.69,0.84
54,Female,Urban,Low,"Sewing, Reselling",Creative Services,Outdoor,Low,7,Secondary,Phone + Internet,Low,Photography Studio,Creative Services,0.73,0.64
42,Female,Rural,Low,"Tailoring, Cooking, Content Creation",Creative Services,Hybrid,Medium,5,None,None,High,Video Editing Service,Creative Services,0.6,0.75
53,Female,Semi-Urban,Low,"Cooking, Pickle Making",Beauty,Hybrid,Low,2,Secondary,Phone + Internet,Low,Skincare Product Making,Beauty,0.53,0.53
37,Female,Rural,Low,"Tailoring, Cooking, Pickle Making",Technology,Outdoor,Medium,3,Secondary,Land + Vehicle,Medium,YouTube Channel,Technology,0.79,0.85
21,Female,Semi-Urban,Low,"Embroidery, Home Cleaning, Video Editing, Paper Craft",Agriculture,Home-based,Medium,3,Primary,Phone + Internet,Medium,Poultry Business,Agriculture,0.58,0.63
26,Female,Rural,Low,"Baking, Paper Craft, Mushroom Cultivation, Candle Making",Art & Craft,Outdoor,Low,8,Primary,Land,Medium,Jewelry Design,Art & Craft,0.66,0.84
50,Female,Semi-Urban,Low,"Reselling, Makeup",Domestic Services,Hybrid,Low,5,Primary,Phone,Medium,Home Cook,Domestic Services,0.91,0.73
26,Female,Semi-Urban,Low,"Content Creation, Reselling, Hair Styling, Teaching",Creative Services,Outdoor,High,7,Primary,None,High,Content Creation Agency,Creative Services,0.85,0.99
26,Male,Semi-Urban,Low,"Baking, Mobile Repair",Domestic Services,Hybrid,Low,7,Secondary,None,High,Cleaning Services,Domestic Services,0.51,0.84
46,Female,Urban,High,"Sewing, Farming, Mobile Repair, Mushroom Cultivation",Art & Craft,Home-based,Medium,7,None,Internet,Medium,Jewelry Design,Art & Craft,0.81,0.54
18,Female,Semi-Urban,Low,"Embroidery, Photography",Food & Beverage,Outdoor,Low,5,Primary,Phone + Internet,High,Tiffin Service,Food & Beverage,0.54,0.72
29,Female,Rural,High,"Digital Marketing, Photography, Reselling",Technology,Hybrid,Low,2,Primary,Phone,Medium,Digital Marketing Agency,Technology,0.75,0.66
52,Female,Urban,Low,"Digital Marketing, Reselling, Embroidery",Agriculture,Hybrid,Medium,4,Secondary,None,High,Poultry Business,Agriculture,0.48,0.66
48,Female,Semi-Urban,High,"Baking, Candle Making",E-commerce,Hybrid,Medium,6,Primary,Land,Low,Online Reselling,E-commerce,0.62,0.61
37,Female,Semi-Urban,Low,"Crafting, Embroidery, Poultry Care",Technology,Hybrid,Medium,3,None,None,High,Digital Marketing Agency,Technology,0.8,0.84
34,Female,Rural,Low,"Mushroom Cultivation, Farming",E-commerce,Hybrid,High,5,None,Phone,Low,Online Reselling,E-commerce,0.75,0.56
40,Female,Semi-Urban,Low,"Tailoring, Daycare Management, Mushroom Cultivation, Teaching",Technology,Hybrid,Medium,3,Secondary,Phone + Internet,Medium,Mobile Repair Shop,Technology,0.68,0.94
36,Male,Urban,High,"Paper Craft, Embroidery, Crafting, Digital Marketing",Creative Services,Home-based,Low,3,None,Phone,High,Photography Studio,Creative Services,0.51,0.82
52,Female,Urban,Low,"Food Delivery, Embroidery, Content Creation, Tailoring",Technology,Hybrid,Low,3,Primary,Land,Low,Digital Marketing Agency,Technology,0.78,0.57
25,Female,Urban,Medium,"Reselling, Daycare Management, Paper Craft, Poultry Care",Apparel,Home-based,Medium,8,Primary,Land,Medium,Embroidery Shop,Apparel,0.72,0.93
38,Female,Semi-Urban,Low,"Candle Making, Cooking, Poultry Care",E-commerce,Hybrid,High,10,None,None,Low,Dropshipping,E-commerce,0.42,0.59
31,Female,Urban,Medium,"Home Cleaning, Teaching, Baking, Mobile Repair",Food & Beverage,Hybrid,High,10,Secondary,Phone,High,Snack Stall,Food & Beverage,0.66,0.82
26,Female,Semi-Urban,Low,"Embroidery, Digital Marketing, Cooking",Technology,Home-based,Medium,10,Secondary,Phone + Internet,Low,YouTube Channel,Technology,0.75,0.87
24,Female,Semi-Urban,Medium,"Dairy Management, Farming",Domestic Services,Hybrid,Medium,3,Primary,Phone,High,Babysitting,Domestic Services,0.88,0.53
18,Female,Semi-Urban,Medium,"Dairy Management, Photography, Video Editing",Education,Hybrid,High,2,None,Phone + Internet,Low,Spoken English Classes,Education,0.69,0.65
29,Female,Semi-Urban,Medium,"Mushroom Cultivation, Baking",Domestic Services,Hybrid,Low,5,Primary,Phone + Internet,Low,Babysitting,Domestic Services,0.52,0.65
51,Female,Urban,Medium,"Hair Styling, Dairy Management",Creative Services,Hybrid,Low,9,Secondary,Land,High,Video Editing Service,Creative Services,0.63,0.54
30,Female,Semi-Urban,Medium,"Embroidery, Food Delivery",Creative Services,Hybrid,Medium,10,None,Land + Vehicle,Medium,Photography Studio,Creative Services,0.48,0.75
52,Female,Rural,Medium,"Reselling, Mushroom Cultivation, Hair Styling, Sewing",Education,Home-based,High,2,None,Phone,High,Home Tuition,Education,0.94,0.91
43,Female,Semi-Urban,Low,"Photography, Pickle Making, Content Creation, Crafting",Technology,Outdoor,High,3,Primary,None,Medium,Mobile Repair Shop,Technology,0.61,0.77
53,Male,Urban,Low,"Mushroom Cultivation, Food Delivery, Dairy Management",Art & Craft,Hybrid,High,7,Primary,Vehicle,Low,Paper Crafts,Art & Craft,0.77,0.86
37,Female,Rural,Low,"Content Creation, Reselling, Embroidery, Tailoring",Creative Services,Home-based,High,10,None,Phone,High,Content Creation Agency,Creative Services,0.73,0.66
18,Female,Rural,Medium,"Digital Marketing, Home Cleaning, Dairy Management",E-commerce,Outdoor,Medium,10,None,Land,Low,Online Reselling,E-commerce,0.78,0.55
19,Female,Urban,Low,"Food Delivery, Makeup, Video Editing, Mobile Repair",Technology,Hybrid,Medium,7,Secondary,Land + Vehicle,Medium,Mobile Repair Shop,Technology,0.94,0.77
55,Female,Rural,Low,"Mobile Repair, Photography",Food & Beverage,Hybrid,High,10,None,Land,Medium,Tiffin Service,Food & Beverage,0.84,0.75
19,Female,Rural,Low,"Photography, Food Delivery, Daycare Management",E-commerce,Outdoor,Low,6,Secondary,Phone,Low,Handmade Products Store,E-commerce,0.42,0.66
25,Female,Rural,Medium,"Food Delivery, Candle Making, Teaching",Food & Beverage,Home-based,High,10,None,Vehicle,Medium,Spice Mixing,Food & Beverage,0.51,0.63
37,Female,Semi-Urban,Medium,"Crafting, Digital Marketing, Home Cleaning, Farming",Food & Beverage,Outdoor,Medium,3,None,Vehicle,Low,Tiffin Service,Food & Beverage,0.42,0.75
54,Female,Urban,Medium,"Video Editing, Home Cleaning",Agriculture,Home-based,Low,8,Primary,Land + Vehicle,Medium,Mushroom Cultivation,Agriculture,0.43,0.57
53,Female,Urban,Low,"Photography, Mushroom Cultivation, Hair Styling",Art & Craft,Hybrid,High,5,None,None,Low,Jewelry Design,Art & Craft,0.57,0.98
54,Female,Rural,Low,"Embroidery, Sewing, Candle Making, Poultry Care",Agriculture,Home-based,High,2,Primary,Phone,Medium,Poultry Business,Agriculture,0.83,0.65
48,Female,Urban,Low,"Digital Marketing, Teaching",Technology,Home-based,Low,4,None,Vehicle,Low,Mobile Repair Shop,Technology,0.5,0.67
28,Female,Urban,High,"Crafting, Food Delivery",Creative Services,Home-based,Medium,8,Secondary,Phone,High,Photography Studio,Creative Services,0.64,0.98
30,Male,Semi-Urban,Medium,"Reselling, Poultry Care, Makeup, Mushroom Cultivation",Apparel,Hybrid,Low,4,Primary,Internet,High,Fabric Painting,Apparel,0.95,0.96
52,Female,Semi-Urban,Low,"Photography, Farming",Technology,Outdoor,Medium,3,Secondary,Land + Vehicle,Low,Digital Marketing Agency,Technology,0.54,0.5
24,Female,Urban,Low,"Candle Making, Hair Styling, Paper Craft, Poultry Care",Apparel,Hybrid,Low,9,Primary,Vehicle,Low,Tailoring Business,Apparel,0.56,0.68
41,Female,Urban,Low,"Pickle Making, Home Cleaning",Art & Craft,Hybrid,Medium,6,Primary,Internet,Medium,Jewelry Design,Art & Craft,0.53,0.53
34,Female,Semi-Urban,Low,"Photography, Home Cleaning, Daycare Management",Education,Hybrid,Medium,10,Secondary,None,High,Home Tuition,Education,0.57,0.92
37,Female,Semi-Urban,Low,"Mushroom Cultivation, Home Cleaning, Teaching",Creative Services,Hybrid,Medium,8,None,Vehicle,Low,Photography Studio,Creative Services,0.61,0.55
33,Female,Rural,Medium,"Poultry Care, Daycare Management, Food Delivery",Education,Outdoor,High,3,Primary,Phone + Internet,Medium,Home Tuition,Education,0.54,0.98
37,Female,Rural,Low,"Embroidery, Daycare Management, Farming",Food & Beverage,Outdoor,Low,3,Primary,Phone + Internet,High,Spice Mixing,Food & Beverage,0.73,0.59
47,Male,Urban,Low,"Tailoring, Cooking, Video Editing",Food & Beverage,Home-based,Medium,6,None,Phone + Internet,Medium,Spice Mixing,Food & Beverage,0.73,0.91
34,Female,Urban,Medium,"Candle Making, Content Creation, Hair Styling, Reselling",E-commerce,Home-based,Medium,9,Secondary,Phone + Internet,Medium,Dropshipping,E-commerce,0.7,0.51
18,Female,Urban,Medium,"Reselling, Home Cleaning",Beauty,Hybrid,Low,7,Secondary,Vehicle,High,Mehendi Services,Beauty,0.8,0.97
39,Male,Rural,Low,"Digital Marketing, Makeup, Sewing",Beauty,Hybrid,Low,4,Primary,Phone,Medium,Skincare Product Making,Beauty,0.49,0.67
39,Female,Semi-Urban,High,"Paper Craft, Tailoring",E-commerce,Outdoor,High,4,Primary,Vehicle,High,Online Reselling,E-commerce,0.53,0.91
33,Female,Semi-Urban,Medium,"Video Editing, Makeup",Art & Craft,Hybrid,Low,7,None,Phone + Internet,Low,Jewelry Design,Art & Craft,0.72,0.77
50,Male,Semi-Urban,Low,"Video Editing, Paper Craft, Poultry Care, Food Delivery",Technology,Home-based,Medium,3,Secondary,Vehicle,Medium,Mobile Repair Shop,Technology,0.48,0.56
24,Male,Semi-Urban,Medium,"Digital Marketing, Food Delivery",Creative Services,Outdoor,High,5,None,Phone + Internet,High,Content Creation Agency,Creative Services,0.86,0.88
45,Female,Urban,Medium,"Dairy Management, Tailoring, Pickle Making",Creative Services,Hybrid,Low,4,Secondary,Phone,Medium,Video Editing Service,Creative Services,0.59,0.84
22,Female,Rural,Low,"Hair Styling, Embroidery, Food Delivery",Creative Services,Hybrid,High,4,Secondary,Phone + Internet,Medium,Photography Studio,Creative Services,0.42,0.83
43,Female,Urban,Medium,"Farming, Dairy Management, Embroidery, Sewing",Technology,Hybrid,Medium,5,Primary,Phone + Internet,Medium,Mobile Repair Shop,Technology,0.72,0.96
46,Male,Urban,Low,"Tailoring, Candle Making",Beauty,Hybrid,High,2,Primary,Phone + Internet,Low,Home Salon,Beauty,0.85,0.82
31,Male,Rural,Medium,"Hair Styling, Poultry Care",Art & Craft,Outdoor,Low,3,Secondary,Phone + Internet,Low,Candle Making,Art & Craft,0.62,0.53
25,Female,Rural,Low,"Cooking, Teaching, Tailoring",Food & Beverage,Home-based,High,2,Secondary,Internet,Low,Spice Mixing,Food & Beverage,0.5,0.79
32,Female,Rural,Low,"Paper Craft, Baking, Photography",Agriculture,Home-based,Medium,8,Secondary,Phone + Internet,High,Poultry Business,Agriculture,0.56,0.8
24,Female,Rural,Low,"Hair Styling, Pickle Making, Content Creation, Dairy Management",Food & Beverage,Home-based,High,9,Primary,Phone,Medium,Tiffin Service,Food & Beverage,0.51,0.52
29,Female,Rural,Medium,"Cooking, Mushroom Cultivation",Technology,Home-based,Low,3,None,Land,High,Mobile Repair Shop,Technology,0.68,0.84
18,Male,Urban,Low,"Photography, Dairy Management",Beauty,Outdoor,High,8,Secondary,Phone,Medium,Home Salon,Beauty,0.64,0.73
38,Male,Semi-Urban,Medium,"Dairy Management, Reselling",Agriculture,Home-based,Medium,3,Primary,None,Medium,Poultry Business,Agriculture,0.94,0.53
49,Female,Semi-Urban,Low,"Tailoring, Sewing, Hair Styling, Dairy Management",Education,Outdoor,Medium,3,None,Land,High,Daycare Center,Education,0.9,1.0
23,Female,Rural,Low,"Cooking, Daycare Management",Education,Hybrid,High,2,None,Land + Vehicle,High,Spoken English Classes,Education,0.92,0.9
18,Female,Rural,High,"Hair Styling, Candle Making, Reselling, Crafting",Food & Beverage,Hybrid,Medium,7,Secondary,Internet,Medium,Spice Mixing,Food & Beverage,0.88,0.99
39,Female,Semi-Urban,Medium,"Cooking, Baking, Dairy Management, Embroidery",Apparel,Outdoor,Low,7,Primary,Land + Vehicle,Low,Fabric Painting,Apparel,0.5,0.78
20,Female,Semi-Urban,High,"Content Creation, Reselling",Domestic Services,Home-based,Low,2,Secondary,Vehicle,Low,Cleaning Services,Domestic Services,0.83,0.59
22,Female,Semi-Urban,Medium,"Daycare Management, Hair Styling, Baking",Education,Outdoor,High,7,Secondary,Vehicle,High,Spoken English Classes,Education,0.48,0.54
43,Female,Rural,Medium,"Baking, Photography",Domestic Services,Outdoor,Low,7,None,Phone + Internet,Low,Home Cook,Domestic Services,0.67,0.9
30,Male,Semi-Urban,Low,"Sewing, Dairy Management, Mobile Repair, Teaching",Domestic Services,Hybrid,High,9,None,Internet,Medium,Cleaning Services,Domestic Services,0.68,0.77
21,Female,Urban,Medium,"Content Creation, Mobile Repair, Home Cleaning",Art & Craft,Home-based,High,5,Primary,Internet,High,Paper Crafts,Art & Craft,0.86,0.85
46,Female,Rural,Low,"Pickle Making, Dairy Management, Embroidery, Video Editing",Creative Services,Home-based,High,3,Secondary,Vehicle,Low,Content Creation Agency,Creative Services,0.69,0.64
24,Female,Rural,Low,"Dairy Management, Video Editing",Creative Services,Outdoor,Medium,7,Secondary,Land,Low,Video Editing Service,Creative Services,0.81,0.54
25,Male,Rural,Medium,"Mobile Repair, Candle Making, Tailoring",Technology,Hybrid,Low,7,None,Phone + Internet,High,YouTube Channel,Technology,0.43,0.56
46,Female,Rural,High,"Makeup, Mushroom Cultivation, Food Delivery",Creative Services,Outdoor,Medium,8,Primary,Phone + Internet,Medium,Video Editing Service,Creative Services,0.78,0.78
51,Female,Urban,Medium,"Content Creation, Embroidery, Baking, Candle Making",Apparel,Hybrid,Medium,4,Secondary,Phone,High,Embroidery Shop,Apparel,0.72,1.0
33,Female,Urban,Low,"Photography, Farming, Teaching, Makeup",Technology,Home-based,High,2,Secondary,Vehicle,Medium,Digital Marketing Agency,Technology,0.62,0.76
18,Female,Semi-Urban,High,"Embroidery, Baking",Creative Services,Outdoor,Low,5,Primary,Phone + Internet,High,Video Editing Service,Creative Services,0.56,0.66
25,Female,Urban,High,"Crafting, Tailoring",Food & Beverage,Outdoor,Medium,10,None,Land + Vehicle,Low,Snack Stall,Food & Beverage,0.67,0.98
22,Male,Semi-Urban,Low,"Hair Styling, Dairy Management",Art & Craft,Hybrid,High,8,Secondary,Land + Vehicle,Low,Candle Making,Art & Craft,0.78,0.6
39,Female,Semi-Urban,Low,"Digital Marketing, Video Editing",Apparel,Outdoor,High,10,None,Internet,Low,Tailoring Business,Apparel,0.78,0.76
28,Female,Urban,Low,"Daycare Management, Crafting",Domestic Services,Hybrid,Medium,5,Secondary,Vehicle,Medium,Babysitting,Domestic Services,0.52,0.82
37,Female,Urban,Low,"Cooking, Candle Making",Art & Craft,Outdoor,Medium,7,None,Land + Vehicle,Low,Jewelry Design,Art & Craft,0.75,0.93
36,Female,Semi-Urban,Low,"Makeup, Mobile Repair, Daycare Management, Digital Marketing",E-commerce,Home-based,Low,6,Primary,Phone + Internet,Low,Dropshipping,E-commerce,0.72,0.51
33,Female,Rural,Low,"Digital Marketing, Crafting",E-commerce,Hybrid,Medium,9,None,None,High,Online Reselling,E-commerce,0.53,0.83
25,Female,Rural,Medium,"Pickle Making, Cooking",Agriculture,Hybrid,Low,5,Primary,Land,Low,Mushroom Cultivation,Agriculture,0.85,0.57
28,Female,Urban,High,"Candle Making, Reselling, Makeup, Hair Styling",Apparel,Outdoor,High,4,Primary,Vehicle,High,Embroidery Shop,Apparel,0.72,0.8
47,Female,Rural,Medium,"Mobile Repair, Cooking, Tailoring",Apparel,Home-based,Low,8,Secondary,Land,Low,Fabric Painting,Apparel,0.95,0.81
28,Male,Semi-Urban,Low,"Food Delivery, Dairy Management, Paper Craft",Education,Hybrid,High,8,None,Internet,Medium,Daycare Center,Education,0.55,1.0
34,Female,Semi-Urban,Medium,"Crafting, Photography, Farming, Mushroom Cultivation",Art & Craft,Hybrid,High,9,None,Vehicle,High,Paper Crafts,Art & Craft,0.64,0.59
53,Female,Semi-Urban,Low,"Digital Marketing, Crafting, Hair Styling, Video Editing",E-commerce,Home-based,High,5,Secondary,None,Medium,Dropshipping,E-commerce,0.71,0.91
44,Female,Urban,Low,"Pickle Making, Food Delivery",Beauty,Hybrid,Medium,9,Secondary,Land,Low,Home Salon,Beauty,0.49,0.57
37,Male,Urban,High,"Video Editing, Photography, Mobile Repair",Domestic Services,Home-based,Medium,5,Primary,Internet,Low,Home Cook,Domestic Services,0.86,0.98
19,Female,Rural,Medium,"Farming, Poultry Care, Mobile Repair",Art & Craft,Home-based,Medium,6,Primary,Phone + Internet,Low,Paper Crafts,Art & Craft,0.45,0.85
47,Female,Rural,High,"Sewing, Digital Marketing, Mobile Repair",Education,Hybrid,Medium,9,Secondary,None,High,Spoken English Classes,Education,0.42,0.79
41,Female,Semi-Urban,Low,"Video Editing, Teaching",E-commerce,Hybrid,Medium,4,None,Vehicle,Medium,Online Reselling,E-commerce,0.59,0.67
31,Female,Rural,Low,"Farming, Embroidery, Tailoring",Technology,Home-based,Low,6,Secondary,Vehicle,Medium,Digital Marketing Agency,Technology,0.52,0.71
49,Female,Urban,Low,"Teaching, Mushroom Cultivation, Crafting",Food & Beverage,Hybrid,Medium,3,Secondary,Land,High,Tiffin Service,Food & Beverage,0.82,0.66
55,Female,Urban,Medium,"Food Delivery, Home Cleaning, Candle Making, Mushroom Cultivation",Education,Outdoor,Low,3,Secondary,Land,Low,Daycare Center,Education,0.53,0.67
25,Female,Semi-Urban,Low,"Hair Styling, Dairy Management",Beauty,Hybrid,Low,7,Primary,Phone,Medium,Mehendi Services,Beauty,0.94,0.96
25,Female,Urban,Low,"Mobile Repair, Embroidery, Reselling, Sewing",Food & Beverage,Home-based,Medium,10,None,Land + Vehicle,Medium,Tiffin Service,Food & Beverage,0.82,0.77
50,Female,Rural,Medium,"Food Delivery, Sewing, Candle Making",Creative Services,Home-based,High,7,None,Land + Vehicle,Low,Video Editing Service,Creative Services,0.48,0.53
34,Female,Semi-Urban,High,"Content Creation, Mobile Repair, Paper Craft, Teaching",Creative Services,Hybrid,Low,4,None,Land + Vehicle,Medium,Video Editing Service,Creative Services,0.51,0.91
25,Female,Rural,Low,"Home Cleaning, Photography",Apparel,Hybrid,Medium,7,Secondary,Land + Vehicle,High,Embroidery Shop,Apparel,0.81,0.95
45,Female,Rural,Low,"Cooking, Daycare Management, Teaching, Food Delivery",Beauty,Outdoor,Medium,7,None,Vehicle,Medium,Skincare Product Making,Beauty,0.85,0.51
43,Female,Urban,Low,"Home Cleaning, Hair Styling",E-commerce,Home-based,Low,4,Secondary,Internet,Medium,Online Reselling,E-commerce,0.5,0.93
43,Male,Urban,Low,"Candle Making, Reselling, Crafting, Cooking",Domestic Services,Hybrid,High,2,Primary,Internet,Low,Home Cook,Domestic Services,0.94,0.99
28,Female,Semi-Urban,Low,"Reselling, Mobile Repair",Education,Home-based,Medium,9,Primary,None,High,Home Tuition,Education,0.95,0.89
22,Male,Semi-Urban,Low,"Content Creation, Pickle Making",E-commerce,Outdoor,High,8,Secondary,Phone,Medium,Online Reselling,E-commerce,0.8,0.54
51,Female,Rural,Medium,"Food Delivery, Paper Craft, Reselling, Daycare Management",Beauty,Home-based,High,6,Primary,None,Low,Mehendi Services,Beauty,0.54,0.81
25,Female,Rural,Low,"Tailoring, Cooking, Crafting, Mobile Repair",Education,Outdoor,Medium,9,None,Land + Vehicle,High,Home Tuition,Education,0.54,0.54
24,Male,Rural,Medium,"Mobile Repair, Home Cleaning",Technology,Home-based,High,6,Primary,Phone + Internet,Low,Digital Marketing Agency,Technology,0.82,0.76
53,Female,Rural,Medium,"Dairy Management, Food Delivery, Teaching, Content Creation",Apparel,Home-based,Low,8,None,Internet,High,Tailoring Business,Apparel,0.83,0.73
32,Female,Semi-Urban,Low,"Home Cleaning, Paper Craft",E-commerce,Hybrid,Medium,5,Primary,Internet,Medium,Handmade Products Store,E-commerce,0.43,0.57
19,Female,Semi-Urban,Low,"Tailoring, Hair Styling, Digital Marketing",Food & Beverage,Outdoor,Low,4,Secondary,None,Medium,Homemade Pickles,Food & Beverage,0.43,0.71
52,Male,Rural,Low,"Digital Marketing, Content Creation",Domestic Services,Home-based,Medium,3,Secondary,Land,Medium,Home Cook,Domestic Services,0.68,0.84
24,Male,Urban,Low,"Reselling, Mushroom Cultivation, Home Cleaning, Content Creation",Art & Craft,Hybrid,Low,7,Primary,Phone + Internet,High,Paper Crafts,Art & Craft,0.58,0.66
27,Female,Urban,Low,"Hair Styling, Tailoring, Makeup",Education,Home-based,Medium,8,None,Vehicle,Low,Daycare Center,Education,0.8,0.77
18,Female,Rural,Low,"Paper Craft, Crafting, Embroidery",Art & Craft,Hybrid,Medium,4,Primary,Phone + Internet,Low,Paper Crafts,Art & Craft,0.76,0.69
42,Female,Urban,Medium,"Tailoring, Candle Making",Education,Outdoor,High,2,Primary,Land,Low,Daycare Center,Education,0.52,0.88
54,Female,Semi-Urban,High,"Video Editing, Food Delivery",Food & Beverage,Hybrid,High,6,None,Phone + Internet,Low,Spice Mixing,Food & Beverage,0.79,0.81
51,Female,Semi-Urban,High,"Pickle Making, Hair Styling, Dairy Management, Photography",Technology,Outdoor,High,3,Primary,Phone,High,YouTube Channel,Technology,0.81,0.97
26,Female,Semi-Urban,Medium,"Content Creation, Pickle Making, Sewing",Agriculture,Outdoor,High,8,Primary,Phone,Low,Mushroom Cultivation,Agriculture,0.67,0.91
48,Female,Urban,Medium,"Home Cleaning, Makeup, Farming, Teaching",Art & Craft,Hybrid,Medium,3,Secondary,Internet,Medium,Jewelry Design,Art & Craft,0.56,0.97
20,Female,Semi-Urban,High,"Digital Marketing, Farming, Candle Making",Technology,Hybrid,High,10,Secondary,Land,Medium,YouTube Channel,Technology,0.44,0.6
29,Female,Urban,Low,"Home Cleaning, Reselling, Dairy Management, Cooking",Food & Beverage,Hybrid,High,3,None,Phone + Internet,High,Spice Mixing,Food & Beverage,0.59,0.63
40,Male,Urban,High,"Mushroom Cultivation, Content Creation, Video Editing",Beauty,Outdoor,High,8,Secondary,None,Medium,Skincare Product Making,Beauty,0.48,0.81
49,Female,Semi-Urban,High,"Photography, Food Delivery",Education,Home-based,High,10,Secondary,Phone,Medium,Spoken English Classes,Education,0.47,0.59
37,Female,Rural,Medium,"Photography, Makeup",Technology,Home-based,Medium,5,None,Land + Vehicle,Low,Mobile Repair Shop,Technology,0.93,0.51
34,Female,Urban,Low,"Mobile Repair, Pickle Making, Mushroom Cultivation",Apparel,Home-based,Medium,7,Primary,Vehicle,Medium,Fabric Painting,Apparel,0.93,0.66
26,Female,Urban,Medium,"Tailoring, Mobile Repair, Content Creation, Teaching",Technology,Home-based,High,4,None,None,Medium,Mobile Repair Shop,Technology,0.9,0.94
49,Female,Urban,Low,"Embroidery, Poultry Care, Home Cleaning, Content Creation",Technology,Hybrid,Medium,7,Secondary,Vehicle,Low,Digital Marketing Agency,Technology,0.41,0.79
47,Female,Semi-Urban,Medium,"Farming, Hair Styling",Creative Services,Hybrid,Low,4,None,Phone + Internet,High,Video Editing Service,Creative Services,0.69,0.79
45,Female,Semi-Urban,Medium,"Poultry Care, Tailoring, Dairy Management, Embroidery",Beauty,Outdoor,Medium,3,Primary,Vehicle,High,Home Salon,Beauty,0.63,0.56
37,Male,Rural,Medium,"Baking, Candle Making, Photography, Content Creation",Education,Outdoor,High,10,None,Internet,High,Spoken English Classes,Education,0.4,0.6
42,Female,Semi-Urban,Medium,"Video Editing, Poultry Care, Sewing, Daycare Management",Creative Services,Hybrid,High,6,None,Vehicle,Low,Video Editing Service,Creative Services,0.9,0.76
19,Female,Urban,Low,"Paper Craft, Cooking, Reselling, Content Creation",Technology,Hybrid,High,6,Secondary,Land + Vehicle,Medium,Mobile Repair Shop,Technology,0.59,0.89
48,Female,Semi-Urban,Medium,"Video Editing, Makeup, Embroidery, Daycare Management",Art & Craft,Hybrid,Medium,3,None,None,Medium,Jewelry Design,Art & Craft,0.94,0.79
28,Female,Rural,Low,"Mobile Repair, Video Editing, Reselling",Technology,Outdoor,Medium,8,Secondary,Phone + Internet,High,Mobile Repair Shop,Technology,0.74,0.93
26,Female,Urban,High,"Photography, Mushroom Cultivation",Education,Outdoor,High,10,None,Phone,Low,Daycare Center,Education,0.86,0.69
40,Female,Rural,Low,"Teaching, Mushroom Cultivation, Dairy Management, Pickle Making",Apparel,Hybrid,Low,2,Secondary,Phone,Medium,Fabric Painting,Apparel,0.59,0.88
53,Female,Semi-Urban,Low,"Hair Styling, Content Creation, Sewing, Dairy Management",Art & Craft,Home-based,Medium,9,Secondary,Internet,Low,Paper Crafts,Art & Craft,0.64,0.67
46,Female,Semi-Urban,Medium,"Candle Making, Makeup",Creative Services,Hybrid,Medium,7,Primary,Phone,Medium,Video Editing Service,Creative Services,0.49,0.53
40,Female,Semi-Urban,Low,"Crafting, Hair Styling, Digital Marketing, Farming",Domestic Services,Home-based,High,2,Secondary,Phone,Low,Cleaning Services,Domestic Services,0.57,0.63
46,Male,Urban,Low,"Photography, Pickle Making, Crafting, Poultry Care",Technology,Home-based,Low,8,Secondary,None,High,YouTube Channel,Technology,0.94,0.57
40,Female,Rural,Medium,"Digital Marketing, Baking",Technology,Outdoor,Low,10,Secondary,Phone,Medium,Digital Marketing Agency,Technology,0.56,0.91
46,Female,Rural,Low,"Daycare Management, Home Cleaning, Tailoring",Domestic Services,Home-based,Medium,5,Secondary,None,Low,Cleaning Services,Domestic Services,0.85,0.82
44,Female,Semi-Urban,Low,"Digital Marketing, Home Cleaning, Baking",Education,Hybrid,High,8,Primary,Land,High,Home Tuition,Education,0.8,0.65
54,Female,Semi-Urban,Low,"Crafting, Hair Styling, Mushroom Cultivation, Makeup",Education,Outdoor,Low,4,None,Internet,Low,Spoken English Classes,Education,0.43,0.83
18,Female,Semi-Urban,Medium,"Daycare Management, Food Delivery, Reselling",Agriculture,Outdoor,Low,9,Secondary,None,High,Mushroom Cultivation,Agriculture,0.86,0.5
51,Female,Semi-Urban,Low,"Mushroom Cultivation, Cooking, Food Delivery, Pickle Making",Technology,Hybrid,High,5,Primary,Land,High,Digital Marketing Agency,Technology,0.6,0.95
33,Female,Urban,Low,"Poultry Care, Cooking, Sewing",Apparel,Hybrid,Low,7,None,Phone,Medium,Embroidery Shop,Apparel,0.58,0.92
26,Female,Rural,Low,"Digital Marketing, Paper Craft, Poultry Care",Education,Hybrid,Low,8,Primary,None,Low,Home Tuition,Education,0.89,0.6
18,Female,Semi-Urban,Low,"Poultry Care, Food Delivery",E-commerce,Home-based,Medium,8,None,Vehicle,Low,Dropshipping,E-commerce,0.55,0.56
34,Female,Urban,Low,"Teaching, Embroidery",Beauty,Hybrid,Medium,7,Secondary,Land,Low,Mehendi Services,Beauty,0.86,0.65
43,Female,Semi-Urban,Low,"Mobile Repair, Video Editing, Hair Styling",Art & Craft,Hybrid,High,9,None,Internet,Low,Jewelry Design,Art & Craft,0.94,1.0
38,Female,Semi-Urban,Low,"Pickle Making, Mushroom Cultivation",Food & Beverage,Hybrid,High,9,Primary,None,High,Tiffin Service,Food & Beverage,0.84,1.0
34,Female,Semi-Urban,Low,"Paper Craft, Digital Marketing, Candle Making",Food & Beverage,Outdoor,High,5,None,Land,Medium,Snack Stall,Food & Beverage,0.6,0.93
46,Male,Urban,Low,"Poultry Care, Farming, Photography, Video Editing",Art & Craft,Outdoor,High,7,Secondary,Internet,Medium,Jewelry Design,Art & Craft,0.78,0.76
40,Male,Urban,Low,"Tailoring, Makeup",Art & Craft,Hybrid,High,10,None,Land + Vehicle,Medium,Paper Crafts,Art & Craft,0.42,0.66
47,Male,Rural,High,"Embroidery, Baking",Agriculture,Hybrid,High,8,None,Land + Vehicle,Low,Dairy Farming,Agriculture,0.88,0.96
31,Female,Urban,High,"Embroidery, Video Editing, Mobile Repair",Food & Beverage,Home-based,High,7,None,Land + Vehicle,Medium,Tiffin Service,Food & Beverage,0.72,0.65
53,Female,Rural,Medium,"Farming, Poultry Care",E-commerce,Home-based,Medium,6,Primary,Land + Vehicle,Low,Online Reselling,E-commerce,0.55,0.98
24,Female,Semi-Urban,Low,"Teaching, Mushroom Cultivation",Domestic Services,Outdoor,High,9,None,None,Low,Home Cook,Domestic Services,0.82,0.58
29,Female,Urban,Medium,"Photography, Candle Making",Apparel,Hybrid,High,4,None,Land + Vehicle,High,Fabric Painting,Apparel,0.45,0.71
54,Female,Rural,Low,"Food Delivery, Photography, Tailoring, Mushroom Cultivation",Apparel,Hybrid,Low,8,None,Land,Medium,Embroidery Shop,Apparel,0.67,0.96
29,Female,Rural,Low,"Dairy Management, Tailoring, Sewing, Home Cleaning",Art & Craft,Outdoor,Low,4,Secondary,Vehicle,Low,Jewelry Design,Art & Craft,0.63,0.99
48,Male,Semi-Urban,Medium,"Photography, Video Editing",Creative Services,Outdoor,High,3,None,Internet,Medium,Content Creation Agency,Creative Services,0.65,0.73
26,Male,Rural,Low,"Photography, Crafting, Paper Craft",Food & Beverage,Hybrid,High,6,None,Land + Vehicle,Low,Homemade Pickles,Food & Beverage,0.5,0.58
40,Female,Urban,Low,"Tailoring, Reselling",Apparel,Home-based,Medium,4,Primary,Vehicle,Medium,Embroidery Shop,Apparel,0.46,0.57
33,Female,Rural,Low,"Sewing, Poultry Care",Agriculture,Outdoor,Medium,3,None,Land,Low,Mushroom Cultivation,Agriculture,0.67,0.99
52,Female,Urban,Low,"Embroidery, Content Creation, Teaching",E-commerce,Hybrid,High,6,None,Phone,Low,Dropshipping,E-commerce,0.47,0.86
40,Female,Rural,High,"Cooking, Embroidery",Domestic Services,Hybrid,High,4,Primary,None,Medium,Home Cook,Domestic Services,0.86,0.57
49,Female,Rural,Medium,"Photography, Digital Marketing, Daycare Management",Beauty,Outdoor,Medium,8,None,Vehicle,Low,Mehendi Services,Beauty,0.89,0.69
20,Female,Semi-Urban,Medium,"Reselling, Digital Marketing, Poultry Care",Education,Home-based,Medium,3,Secondary,Internet,High,Daycare Center,Education,0.59,0.64
52,Female,Semi-Urban,Medium,"Digital Marketing, Home Cleaning, Content Creation, Crafting",Technology,Outdoor,Low,6,Secondary,Vehicle,Medium,Mobile Repair Shop,Technology,0.68,0.92
28,Female,Rural,Low,"Dairy Management, Embroidery",Technology,Home-based,Low,7,Primary,Internet,Low,Digital Marketing Agency,Technology,0.56,0.87
20,Female,Semi-Urban,Medium,"Makeup, Paper Craft, Sewing",E-commerce,Hybrid,High,5,Secondary,Phone + Internet,Low,Online Reselling,E-commerce,0.85,0.86
21,Male,Rural,Low,"Candle Making, Paper Craft",Apparel,Outdoor,High,7,None,Vehicle,High,Fabric Painting,Apparel,0.41,0.82
32,Female,Semi-Urban,Low,"Food Delivery, Crafting, Video Editing, Candle Making",Education,Hybrid,Medium,4,None,Phone,Low,Spoken English Classes,Education,0.52,0.95
28,Female,Urban,Medium,"Crafting, Mobile Repair, Farming",Creative Services,Hybrid,High,10,Primary,Vehicle,Medium,Photography Studio,Creative Services,0.53,0.7
45,Male,Semi-Urban,Medium,"Farming, Hair Styling, Mobile Repair, Embroidery",Food & Beverage,Home-based,Medium,2,Primary,Land + Vehicle,Medium,Spice Mixing,Food & Beverage,0.52,0.91
20,Female,Urban,Medium,"Mushroom Cultivation, Video Editing, Digital Marketing, Poultry Care",Apparel,Hybrid,Low,7,Primary,None,Medium,Embroidery Shop,Apparel,0.83,0.88
20,Female,Rural,Medium,"Candle Making, Pickle Making, Tailoring",Beauty,Home-based,High,5,Secondary,None,Low,Skincare Product Making,Beauty,0.4,0.52
52,Male,Urban,Medium,"Daycare Management, Crafting, Teaching",Education,Hybrid,Low,7,Secondary,Land,High,Home Tuition,Education,0.92,0.85
38,Male,Rural,Medium,"Embroidery, Farming, Photography, Baking",E-commerce,Hybrid,High,7,None,Phone + Internet,Low,Online Reselling,E-commerce,0.6,0.51
24,Female,Semi-Urban,Low,"Pickle Making, Food Delivery, Sewing",Beauty,Home-based,Medium,2,Secondary,Land + Vehicle,Medium,Mehendi Services,Beauty,0.63,0.91
53,Female,Semi-Urban,Medium,"Makeup, Photography, Pickle Making",Agriculture,Home-based,Medium,6,Secondary,Phone,High,Poultry Business,Agriculture,0.82,0.72
44,Female,Urban,High,"Teaching, Embroidery, Paper Craft, Dairy Management",Food & Beverage,Hybrid,Low,3,None,Internet,Medium,Spice Mixing,Food & Beverage,0.82,0.62
36,Female,Urban,Low,"Food Delivery, Hair Styling",Domestic Services,Outdoor,Medium,8,Primary,None,High,Home Cook,Domestic Services,0.56,0.74
44,Male,Semi-Urban,Low,"Mobile Repair, Farming, Embroidery",E-commerce,Home-based,Low,7,Secondary,Land,Low,Dropshipping,E-commerce,0.43,0.84
46,Female,Semi-Urban,High,"Teaching, Poultry Care, Makeup, Home Cleaning",Technology,Outdoor,Medium,7,Primary,Vehicle,Low,YouTube Channel,Technology,0.63,0.78
36,Female,Urban,Low,"Daycare Management, Digital Marketing",Agriculture,Hybrid,High,6,Secondary,Phone,Medium,Mushroom Cultivation,Agriculture,0.79,0.63
46,Female,Semi-Urban,Low,"Hair Styling, Pickle Making, Candle Making, Crafting",Beauty,Hybrid,Medium,7,None,Phone + Internet,Low,Home Salon,Beauty,0.73,0.89
38,Male,Urban,Low,"Candle Making, Poultry Care, Video Editing",Education,Home-based,Medium,5,None,Phone,Medium,Daycare Center,Education,0.45,0.79
29,Female,Semi-Urban,Low,"Embroidery, Teaching, Digital Marketing, Candle Making",Education,Home-based,Medium,6,Secondary,Phone + Internet,High,Spoken English Classes,Education,0.63,0.85
19,Female,Rural,Low,"Food Delivery, Teaching, Video Editing, Sewing",Technology,Home-based,Low,4,None,Land,Medium,Mobile Repair Shop,Technology,0.94,0.85
48,Female,Semi-Urban,Low,"Farming, Teaching",Art & Craft,Outdoor,Low,10,Secondary,Phone + Internet,Low,Candle Making,Art & Craft,0.55,0.79
26,Female,Urban,Low,"Mobile Repair, Hair Styling, Digital Marketing, Baking",Food & Beverage,Outdoor,Medium,2,Secondary,Land + Vehicle,High,Tiffin Service,Food & Beverage,0.54,0.76
47,Female,Rural,Low,"Photography, Paper Craft, Video Editing, Poultry Care",Art & Craft,Hybrid,Low,6,Secondary,Vehicle,Medium,Jewelry Design,Art & Craft,0.58,0.97
29,Male,Semi-Urban,High,"Content Creation, Video Editing, Food Delivery",Education,Outdoor,Low,10,Primary,None,Medium,Spoken English Classes,Education,0.53,0.55
54,Male,Urban,Low,"Farming, Baking, Daycare Management",Art & Craft,Home-based,High,3,Primary,Vehicle,High,Paper Crafts,Art & Craft,0.49,0.96
30,Female,Rural,Medium,"Makeup, Mushroom Cultivation, Content Creation, Pickle Making",Apparel,Home-based,Medium,5,Primary,Phone,High,Tailoring Business,Apparel,0.63,0.94
40,Male,Rural,Medium,"Food Delivery, Daycare Management",Creative Services,Hybrid,Low,9,Primary,Land + Vehicle,High,Photography Studio,Creative Services,0.58,1.0
49,Male,Rural,Low,"Food Delivery, Mushroom Cultivation, Mobile Repair",Domestic Services,Hybrid,Medium,2,None,Land,Medium,Cleaning Services,Domestic Services,0.55,0.68
55,Female,Urban,Medium,"Farming, Content Creation, Pickle Making, Video Editing",Art & Craft,Outdoor,Low,5,Primary,None,Medium,Jewelry Design,Art & Craft,0.53,0.83
20,Female,Semi-Urban,Low,"Food Delivery, Crafting, Sewing, Content Creation",Domestic Services,Home-based,Medium,9,None,Phone + Internet,High,Babysitting,Domestic Services,0.51,0.68
52,Male,Rural,High,"Crafting, Hair Styling, Teaching, Content Creation",Agriculture,Home-based,Medium,4,None,None,Low,Poultry Business,Agriculture,0.82,0.7
31,Female,Semi-Urban,Medium,"Digital Marketing, Embroidery",Art & Craft,Outdoor,High,10,Primary,Land + Vehicle,High,Jewelry Design,Art & Craft,0.71,0.54
52,Female,Rural,High,"Pickle Making, Crafting",Apparel,Outdoor,High,6,Secondary,None,High,Tailoring Business,Apparel,0.7,0.97
18,Female,Urban,Medium,"Candle Making, Content Creation, Food Delivery, Tailoring",Beauty,Outdoor,High,9,Secondary,Internet,Medium,Home Salon,Beauty,0.72,0.83
32,Female,Semi-Urban,Medium,"Farming, Baking",Food & Beverage,Outdoor,Low,5,Primary,Phone + Internet,High,Homemade Pickles,Food & Beverage,0.66,0.63
36,Female,Rural,Low,"Food Delivery, Mobile Repair",Beauty,Outdoor,Medium,6,None,Land + Vehicle,Medium,Home Salon,Beauty,0.58,0.54
21,Female,Rural,High,"Photography, Mushroom Cultivation, Embroidery",Art & Craft,Outdoor,High,7,Secondary,None,High,Candle Making,Art & Craft,0.86,0.76
38,Female,Semi-Urban,Low,"Hair Styling, Home Cleaning, Crafting",Apparel,Home-based,High,6,Primary,Vehicle,Medium,Embroidery Shop,Apparel,0.5,0.94
36,Female,Urban,Medium,"Content Creation, Candle Making",Technology,Outdoor,Medium,7,Primary,Vehicle,Medium,YouTube Channel,Technology,0.9,0.73
47,Female,Urban,Low,"Video Editing, Food Delivery, Reselling, Content Creation",Art & Craft,Outdoor,Low,7,Secondary,Internet,High,Candle Making,Art & Craft,0.77,0.67
32,Female,Semi-Urban,High,"Mobile Repair, Makeup",Creative Services,Hybrid,Low,3,Primary,Internet,High,Video Editing Service,Creative Services,0.42,0.6
52,Male,Urban,Medium,"Candle Making, Farming, Crafting, Food Delivery",E-commerce,Home-based,Low,2,None,Land + Vehicle,Low,Handmade Products Store,E-commerce,0.89,0.92
54,Female,Rural,Low,"Farming, Home Cleaning, Reselling, Photography",Education,Home-based,Low,4,Primary,Land,Low,Daycare Center,Education,0.93,0.71
25,Female,Rural,Medium,"Content Creation, Makeup, Mushroom Cultivation",Domestic Services,Outdoor,Low,2,None,None,Low,Cleaning Services,Domestic Services,0.54,0.71
26,Female,Rural,Medium,"Video Editing, Crafting",Education,Home-based,High,6,None,Land + Vehicle,High,Home Tuition,Education,0.53,0.74
28,Female,Rural,Medium,"Video Editing, Mobile Repair, Teaching, Farming",Agriculture,Hybrid,Medium,6,Secondary,Land + Vehicle,High,Poultry Business,Agriculture,0.51,0.95
19,Female,Rural,Low,"Food Delivery, Sewing, Daycare Management, Video Editing",Art & Craft,Hybrid,High,7,Secondary,None,High,Paper Crafts,Art & Craft,0.87,0.96
53,Male,Rural,Low,"Photography, Tailoring",Education,Hybrid,Medium,10,Primary,Phone,High,Home Tuition,Education,0.6,0.84
50,Female,Urban,High,"Cooking, Mushroom Cultivation",Domestic Services,Hybrid,Medium,10,Primary,Land + Vehicle,Medium,Home Cook,Domestic Services,0.54,0.85
53,Female,Urban,Low,"Makeup, Pickle Making, Reselling, Home Cleaning",Agriculture,Home-based,Medium,7,Secondary,Phone,Low,Poultry Business,Agriculture,0.81,0.58
34,Female,Urban,Low,"Cooking, Crafting, Tailoring, Food Delivery",Agriculture,Outdoor,High,9,None,Land + Vehicle,Low,Mushroom Cultivation,Agriculture,0.8,0.8
49,Male,Rural,Low,"Daycare Management, Poultry Care",Beauty,Hybrid,High,9,Secondary,Phone + Internet,Low,Mehendi Services,Beauty,0.44,0.89
32,Female,Rural,Low,"Poultry Care, Reselling, Teaching",Food & Beverage,Home-based,High,2,Primary,None,Medium,Spice Mixing,Food & Beverage,0.91,0.86
54,Female,Rural,Medium,"Content Creation, Hair Styling, Daycare Management, Crafting",Apparel,Home-based,Low,8,None,Land + Vehicle,High,Fabric Painting,Apparel,0.5,0.96
36,Female,Urban,Medium,"Mushroom Cultivation, Teaching, Home Cleaning",Domestic Services,Outdoor,High,6,Secondary,Phone + Internet,Medium,Cleaning Services,Domestic Services,0.63,0.99
24,Female,Urban,Low,"Crafting, Video Editing, Farming",Beauty,Hybrid,High,6,None,None,Low,Home Salon,Beauty,0.85,0.55
38,Female,Urban,High,"Crafting, Dairy Management, Makeup, Photography",Education,Home-based,Low,8,None,Land + Vehicle,Low,Spoken English Classes,Education,0.46,0.95
36,Female,Urban,Low,"Candle Making, Dairy Management, Sewing, Pickle Making",Beauty,Outdoor,High,6,None,Vehicle,High,Skincare Product Making,Beauty,0.86,0.94
53,Female,Rural,Low,"Digital Marketing, Paper Craft, Baking, Cooking",Art & Craft,Hybrid,Low,3,None,Vehicle,High,Jewelry Design,Art & Craft,0.44,0.72
33,Male,Rural,Low,"Cooking, Hair Styling, Dairy Management",E-commerce,Outdoor,Medium,5,Primary,None,Medium,Handmade Products Store,E-commerce,0.76,0.79
48,Male,Semi-Urban,Low,"Home Cleaning, Makeup",Apparel,Outdoor,Low,6,Primary,Land,High,Fabric Painting,Apparel,0.69,0.91
53,Female,Rural,Medium,"Teaching, Baking, Poultry Care, Crafting",E-commerce,Outdoor,Medium,10,None,Internet,High,Online Reselling,E-commerce,0.44,0.73
30,Male,Rural,Medium,"Dairy Management, Sewing, Video Editing",Technology,Home-based,High,8,Primary,Internet,Low,Mobile Repair Shop,Technology,0.93,0.79
23,Female,Urban,Low,"Sewing, Video Editing",Food & Beverage,Home-based,High,5,Primary,Land,Low,Spice Mixing,Food & Beverage,0.64,0.66
38,Female,Urban,Medium,"Mobile Repair, Poultry Care, Cooking",Art & Craft,Hybrid,Low,9,Primary,Land,Low,Candle Making,Art & Craft,0.67,0.64
36,Male,Rural,Medium,"Crafting, Baking, Paper Craft, Mushroom Cultivation",Creative Services,Home-based,High,9,Secondary,Land + Vehicle,Low,Content Creation Agency,Creative Services,0.91,0.81
25,Female,Semi-Urban,Medium,"Farming, Dairy Management",Beauty,Outdoor,Low,4,Secondary,Internet,Low,Mehendi Services,Beauty,0.42,0.82
36,Female,Semi-Urban,Low,"Pickle Making, Food Delivery, Paper Craft, Content Creation",Food & Beverage,Hybrid,Medium,6,Primary,None,Low,Snack Stall,Food & Beverage,0.5,0.56
53,Female,Urban,Low,"Farming, Paper Craft",Technology,Hybrid,Medium,4,Secondary,Vehicle,High,Mobile Repair Shop,Technology,0.53,0.61
36,Female,Semi-Urban,Medium,"Photography, Home Cleaning",Domestic Services,Hybrid,Medium,8,Primary,Internet,Medium,Babysitting,Domestic Services,0.45,0.56
50,Female,Semi-Urban,Medium,"Embroidery, Reselling, Poultry Care",E-commerce,Hybrid,Medium,6,Secondary,Land + Vehicle,Medium,Online Reselling,E-commerce,0.75,0.91
32,Female,Rural,Medium,"Daycare Management, Sewing, Pickle Making, Reselling",Beauty,Hybrid,Medium,5,Primary,Internet,Low,Skincare Product Making,Beauty,0.79,0.61
49,Female,Rural,High,"Dairy Management, Digital Marketing, Food Delivery",Technology,Hybrid,Low,10,Primary,Internet,Medium,YouTube Channel,Technology,0.91,0.71
44,Male,Semi-Urban,High,"Mushroom Cultivation, Cooking, Hair Styling",Domestic Services,Outdoor,Medium,4,Primary,Phone,Medium,Babysitting,Domestic Services,0.7,0.56
55,Male,Urban,Low,"Embroidery, Home Cleaning, Crafting, Daycare Management",Education,Home-based,Low,8,Primary,Internet,High,Home Tuition,Education,0.62,0.84
41,Female,Urban,Low,"Sewing, Embroidery, Poultry Care, Digital Marketing",Technology,Hybrid,Medium,8,Secondary,None,Low,Mobile Repair Shop,Technology,0.76,0.55
23,Female,Semi-Urban,Medium,"Pickle Making, Video Editing",E-commerce,Home-based,High,4,Primary,Vehicle,Low,Online Reselling,E-commerce,0.56,0.71
31,Female,Urban,Low,"Hair Styling, Sewing",Education,Home-based,High,2,None,Internet,Low,Daycare Center,Education,0.69,0.95
26,Female,Semi-Urban,Low,"Teaching, Crafting",Agriculture,Hybrid,Low,4,None,Internet,Low,Poultry Business,Agriculture,0.79,0.66
47,Male,Urban,Medium,"Photography, Video Editing, Home Cleaning",Domestic Services,Hybrid,Medium,2,Secondary,Land + Vehicle,Low,Babysitting,Domestic Services,0.68,0.79
48,Female,Urban,Medium,"Poultry Care, Cooking, Hair Styling, Dairy Management",Agriculture,Home-based,Medium,9,Primary,Vehicle,Low,Dairy Farming,Agriculture,0.6,1.0
34,Female,Urban,High,"Makeup, Mobile Repair, Poultry Care",Agriculture,Home-based,High,8,Secondary,None,Medium,Mushroom Cultivation,Agriculture,0.68,0.99
19,Female,Semi-Urban,Low,"Reselling, Tailoring, Video Editing",Agriculture,Hybrid,Low,8,Secondary,Land + Vehicle,High,Mushroom Cultivation,Agriculture,0.74,0.77
24,Female,Urban,Low,"Digital Marketing, Daycare Management, Baking",Food & Beverage,Home-based,Low,6,None,Phone,Low,Spice Mixing,Food & Beverage,0.91,0.77
49,Female,Rural,Low,"Baking, Reselling",Education,Outdoor,High,4,Primary,Vehicle,Low,Daycare Center,Education,0.61,0.93
54,Female,Urban,Low,"Hair Styling, Paper Craft, Poultry Care",Creative Services,Home-based,Low,3,Primary,Vehicle,Medium,Video Editing Service,Creative Services,0.82,0.66
22,Female,Rural,Low,"Farming, Daycare Management, Candle Making",Technology,Outdoor,Medium,10,None,Phone,High,Digital Marketing Agency,Technology,0.41,0.5
55,Male,Semi-Urban,Low,"Sewing, Crafting, Embroidery, Teaching",E-commerce,Home-based,High,6,None,Phone + Internet,High,Dropshipping,E-commerce,0.68,0.8
44,Female,Rural,High,"Teaching, Mushroom Cultivation, Home Cleaning",Agriculture,Home-based,High,10,Secondary,Vehicle,Low,Dairy Farming,Agriculture,0.57,0.52
34,Female,Semi-Urban,Low,"Hair Styling, Tailoring, Food Delivery, Reselling",E-commerce,Hybrid,Medium,6,Primary,Phone,Low,Handmade Products Store,E-commerce,0.76,0.51
41,Female,Urban,Low,"Paper Craft, Teaching",Technology,Hybrid,Medium,7,Primary,Phone + Internet,High,Digital Marketing Agency,Technology,0.94,0.93
36,Female,Rural,Low,"Mushroom Cultivation, Pickle Making, Candle Making, Dairy Management",Domestic Services,Home-based,High,2,None,Phone + Internet,Low,Babysitting,Domestic Services,0.64,0.81
38,Male,Semi-Urban,Medium,"Hair Styling, Food Delivery, Home Cleaning, Candle Making",Education,Hybrid,Medium,3,Primary,Land,Medium,Home Tuition,Education,0.9,0.85
46,Female,Urban,Medium,"Teaching, Dairy Management, Baking",Apparel,Home-based,Medium,9,None,Phone + Internet,Medium,Tailoring Business,Apparel,0.89,0.62
21,Female,Semi-Urban,High,"Mobile Repair, Daycare Management, Farming",Agriculture,Hybrid,Low,4,Secondary,None,Low,Poultry Business,Agriculture,0.65,0.97
50,Female,Rural,Medium,"Teaching, Baking, Reselling, Food Delivery",Beauty,Outdoor,High,2,Secondary,None,Medium,Mehendi Services,Beauty,0.69,0.72
46,Male,Semi-Urban,Low,"Daycare Management, Embroidery, Crafting",Food & Beverage,Outdoor,High,10,Secondary,Land,Low,Spice Mixing,Food & Beverage,0.83,0.65
21,Female,Semi-Urban,Low,"Tailoring, Paper Craft, Hair Styling",Food & Beverage,Home-based,High,10,Primary,None,High,Snack Stall,Food & Beverage,0.92,0.59
35,Female,Urban,Low,"Daycare Management, Home Cleaning, Makeup",Art & Craft,Outdoor,High,10,Primary,Land + Vehicle,Low,Jewelry Design,Art & Craft,0.7,0.92
24,Female,Urban,Low,"Photography, Reselling",Apparel,Home-based,Low,6,Primary,None,High,Tailoring Business,Apparel,0.71,0.73
41,Female,Semi-Urban,Low,"Reselling, Mobile Repair",Food & Beverage,Hybrid,High,2,Secondary,Land,Medium,Tiffin Service,Food & Beverage,0.61,0.69
19,Female,Rural,Low,"Food Delivery, Digital Marketing, Tailoring",Education,Outdoor,Medium,10,Secondary,Land + Vehicle,Medium,Spoken English Classes,Education,0.44,0.7
34,Female,Rural,Low,"Poultry Care, Baking",Creative Services,Outdoor,Low,2,None,None,Low,Content Creation Agency,Creative Services,0.73,0.66
37,Female,Semi-Urban,Low,"Poultry Care, Teaching, Content Creation",Apparel,Hybrid,Low,7,None,Internet,Low,Fabric Painting,Apparel,0.91,0.63
24,Female,Rural,Low,"Teaching, Candle Making, Poultry Care",Art & Craft,Outdoor,Medium,6,Secondary,Internet,High,Candle Making,Art & Craft,0.63,0.85
30,Female,Semi-Urban,Low,"Digital Marketing, Crafting, Mushroom Cultivation",E-commerce,Home-based,Medium,7,Primary,Land,High,Online Reselling,E-commerce,0.55,0.66
18,Male,Urban,Low,"Sewing, Content Creation",Art & Craft,Home-based,Medium,3,None,Phone + Internet,High,Candle Making,Art & Craft,0.74,0.87
46,Male,Semi-Urban,Low,"Embroidery, Mushroom Cultivation, Content Creation",Apparel,Home-based,High,3,None,Internet,Low,Embroidery Shop,Apparel,0.8,0.91
43,Female,Semi-Urban,Medium,"Home Cleaning, Poultry Care",E-commerce,Outdoor,High,10,None,Phone,Medium,Dropshipping,E-commerce,0.85,0.54
51,Female,Semi-Urban,Low,"Daycare Management, Video Editing",Beauty,Outdoor,High,8,Secondary,Phone + Internet,Low,Home Salon,Beauty,0.69,0.66
36,Female,Rural,Low,"Candle Making, Daycare Management, Paper Craft, Mobile Repair",Art & Craft,Hybrid,High,5,None,Vehicle,High,Jewelry Design,Art & Craft,0.45,0.86
22,Female,Rural,Low,"Food Delivery, Cooking",Creative Services,Home-based,Medium,8,Secondary,Phone + Internet,High,Photography Studio,Creative Services,0.78,0.58
30,Male,Rural,Medium,"Crafting, Candle Making, Teaching, Daycare Management",Art & Craft,Home-based,High,2,Secondary,Phone + Internet,Low,Candle Making,Art & Craft,0.55,0.92
30,Female,Rural,Low,"Content Creation, Crafting, Farming, Cooking",Creative Services,Home-based,Medium,4,Primary,Phone,Medium,Content Creation Agency,Creative Services,0.94,0.73
49,Female,Urban,Low,"Embroidery, Photography, Hair Styling",Beauty,Home-based,Low,4,Primary,Internet,Medium,Home Salon,Beauty,0.57,0.63
47,Female,Urban,Low,"Hair Styling, Digital Marketing, Paper Craft, Reselling",Education,Home-based,Medium,10,Secondary,Internet,Medium,Daycare Center,Education,0.82,0.55
27,Female,Rural,Low,"Photography, Mobile Repair",Technology,Home-based,High,6,Secondary,Phone,Medium,YouTube Channel,Technology,0.58,0.6
27,Female,Rural,Low,"Dairy Management, Paper Craft",Beauty,Outdoor,Medium,4,Secondary,Internet,High,Skincare Product Making,Beauty,0.72,0.79
23,Female,Rural,Low,"Content Creation, Sewing, Candle Making, Makeup",Agriculture,Home-based,Low,2,None,Land + Vehicle,High,Poultry Business,Agriculture,0.47,0.67
36,Female,Rural,Low,"Sewing, Paper Craft, Pickle Making",Apparel,Outdoor,Low,4,Primary,Land,High,Tailoring Business,Apparel,0.73,0.81
41,Female,Urban,High,"Makeup, Video Editing, Crafting",Education,Home-based,Low,8,Primary,Land,Low,Spoken English Classes,Education,0.53,0.6
21,Male,Urban,Medium,"Makeup, Farming, Mushroom Cultivation",Domestic Services,Home-based,Low,4,Primary,Vehicle,Medium,Cleaning Services,Domestic Services,0.68,0.98
38,Female,Urban,Low,"Pickle Making, Video Editing, Baking",Beauty,Hybrid,High,2,Primary,Land + Vehicle,Low,Skincare Product Making,Beauty,0.64,0.74
34,Female,Urban,Low,"Home Cleaning, Paper Craft, Sewing, Pickle Making",Food & Beverage,Outdoor,High,9,Primary,Phone,Low,Tiffin Service,Food & Beverage,0.41,0.66
32,Female,Rural,Low,"Tailoring, Baking, Pickle Making",Agriculture,Home-based,Medium,4,None,Internet,Low,Poultry Business,Agriculture,0.57,0.87
37,Male,Urban,Low,"Makeup, Pickle Making",E-commerce,Outdoor,Low,10,Secondary,Phone,Low,Dropshipping,E-commerce,0.69,0.64
41,Female,Rural,High,"Teaching, Food Delivery, Content Creation, Dairy Management",Food & Beverage,Outdoor,Medium,7,Secondary,Phone + Internet,Medium,Snack Stall,Food & Beverage,0.56,0.59
31,Female,Urban,Medium,"Content Creation, Photography, Digital Marketing",Creative Services,Home-based,Medium,2,None,Internet,High,Video Editing Service,Creative Services,0.58,0.91
37,Female,Rural,Low,"Teaching, Poultry Care",Beauty,Hybrid,High,3,Secondary,None,Low,Skincare Product Making,Beauty,0.42,0.56
47,Male,Urban,Low,"Pickle Making, Digital Marketing, Food Delivery",E-commerce,Outdoor,Medium,6,None,Phone + Internet,High,Online Reselling,E-commerce,0.69,0.73
30,Male,Urban,Low,"Content Creation, Hair Styling, Tailoring, Pickle Making",Beauty,Hybrid,Low,10,Secondary,Land + Vehicle,Low,Mehendi Services,Beauty,0.63,0.83
35,Male,Rural,Low,"Food Delivery, Crafting, Content Creation, Sewing",Creative Services,Outdoor,Low,3,Secondary,Phone,Medium,Video Editing Service,Creative Services,0.79,0.82
28,Female,Urban,Medium,"Teaching, Poultry Care",Art & Craft,Outdoor,Low,3,None,Vehicle,Medium,Jewelry Design,Art & Craft,0.48,0.89
21,Female,Rural,High,"Embroidery, Mushroom Cultivation",Education,Hybrid,Medium,4,None,Phone,Medium,Spoken English Classes,Education,0.67,0.81
47,Female,Semi-Urban,Low,"Cooking, Candle Making, Mushroom Cultivation, Poultry Care",Agriculture,Hybrid,Low,4,None,Land + Vehicle,Medium,Dairy Farming,Agriculture,0.54,0.5
22,Female,Semi-Urban,Low,"Poultry Care, Food Delivery",Art & Craft,Outdoor,Medium,4,Primary,Vehicle,Low,Jewelry Design,Art & Craft,0.56,0.78
21,Female,Semi-Urban,Medium,"Cooking, Farming, Teaching, Mobile Repair",Apparel,Outdoor,High,3,Secondary,Vehicle,Medium,Embroidery Shop,Apparel,0.48,0.87
28,Female,Rural,High,"Dairy Management, Home Cleaning, Digital Marketing",Technology,Hybrid,Medium,3,Secondary,Internet,Low,Digital Marketing Agency,Technology,0.68,0.51
28,Female,Rural,Low,"Tailoring, Cooking, Video Editing",E-commerce,Outdoor,Medium,7,Primary,Phone + Internet,High,Handmade Products Store,E-commerce,0.49,0.79
51,Male,Semi-Urban,High,"Mushroom Cultivation, Candle Making",Food & Beverage,Hybrid,Medium,4,Secondary,Phone,High,Spice Mixing,Food & Beverage,0.78,0.75
22,Female,Semi-Urban,Low,"Hair Styling, Sewing",Education,Home-based,Medium,9,Secondary,Land,Low,Spoken English Classes,Education,0.48,0.87
55,Male,Urban,Low,"Baking, Food Delivery",Beauty,Hybrid,Low,6,Primary,Land,High,Skincare Product Making,Beauty,0.54,0.8
23,Female,Semi-Urban,Low,"Video Editing, Embroidery, Food Delivery, Baking",Creative Services,Home-based,High,9,Primary,Land + Vehicle,High,Video Editing Service,Creative Services,0.67,0.61
26,Female,Urban,Low,"Pickle Making, Content Creation, Tailoring",Agriculture,Home-based,Medium,7,None,Vehicle,Low,Poultry Business,Agriculture,0.41,0.65
24,Female,Rural,Low,"Baking, Photography, Hair Styling",Creative Services,Outdoor,High,2,None,Phone,High,Content Creation Agency,Creative Services,0.68,0.54
33,Female,Urban,Low,"Content Creation, Candle Making, Farming",Education,Hybrid,High,8,Secondary,Vehicle,Low,Home Tuition,Education,0.78,0.74
43,Male,Semi-Urban,Medium,"Food Delivery, Mushroom Cultivation, Hair Styling, Teaching",Agriculture,Outdoor,Medium,2,Secondary,None,Medium,Poultry Business,Agriculture,0.78,0.51
30,Female,Urban,Low,"Reselling, Sewing, Digital Marketing, Food Delivery",Education,Home-based,Low,4,Secondary,Land,Medium,Home Tuition,Education,0.8,0.53
28,Female,Semi-Urban,Medium,"Makeup, Hair Styling, Farming",Apparel,Home-based,Low,3,Secondary,Land + Vehicle,Medium,Fabric Painting,Apparel,0.42,0.52
46,Female,Semi-Urban,Low,"Content Creation, Mobile Repair, Photography, Home Cleaning",Education,Outdoor,Low,7,Primary,None,Low,Daycare Center,Education,0.77,0.92
49,Female,Rural,Medium,"Mushroom Cultivation, Cooking",Beauty,Hybrid,High,9,Primary,None,Medium,Home Salon,Beauty,0.67,0.75
19,Female,Semi-Urban,Low,"Embroidery, Video Editing, Photography",Creative Services,Home-based,Low,5,Primary,Phone + Internet,High,Content Creation Agency,Creative Services,0.81,0.54
25,Male,Urban,Medium,"Makeup, Farming",Education,Outdoor,Low,5,None,Internet,Medium,Spoken English Classes,Education,0.85,0.65
27,Female,Rural,Low,"Sewing, Embroidery, Pickle Making, Crafting",Agriculture,Hybrid,High,3,Secondary,Phone + Internet,Low,Poultry Business,Agriculture,0.93,0.89
29,Female,Rural,Low,"Mobile Repair, Crafting, Teaching",E-commerce,Home-based,High,6,Secondary,Phone,Low,Dropshipping,E-commerce,0.61,0.73
31,Female,Semi-Urban,Low,"Makeup, Poultry Care",Education,Home-based,High,8,Primary,Land,High,Spoken English Classes,Education,0.59,0.96
39,Female,Urban,Medium,"Mobile Repair, Poultry Care, Hair Styling, Food Delivery",Food & Beverage,Hybrid,High,3,None,Internet,High,Spice Mixing,Food & Beverage,0.89,0.61
20,Female,Urban,Low,"Paper Craft, Home Cleaning, Farming, Candle Making",Beauty,Home-based,High,9,None,Phone + Internet,High,Mehendi Services,Beauty,0.59,0.5
30,Female,Semi-Urban,Low,"Digital Marketing, Tailoring",Creative Services,Outdoor,Low,5,Secondary,Land + Vehicle,High,Photography Studio,Creative Services,0.46,0.95
20,Female,Semi-Urban,Low,"Pickle Making, Content Creation",Domestic Services,Outdoor,High,4,None,Land,Low,Cleaning Services,Domestic Services,0.94,0.77
42,Female,Rural,Low,"Crafting, Tailoring",Education,Hybrid,Medium,10,None,Land,Medium,Home Tuition,Education,0.68,0.7
42,Female,Urban,Low,"Teaching, Photography, Digital Marketing",E-commerce,Hybrid,Low,5,None,None,Low,Online Reselling,E-commerce,0.87,0.88
30,Female,Urban,Low,"Teaching, Mushroom Cultivation, Candle Making",E-commerce,Outdoor,Medium,10,None,Land + Vehicle,Medium,Online Reselling,E-commerce,0.84,0.95
40,Female,Semi-Urban,High,"Farming, Pickle Making",Education,Outdoor,Medium,9,Primary,Phone + Internet,Medium,Home Tuition,Education,0.93,0.7
53,Female,Urban,Medium,"Teaching, Food Delivery, Hair Styling, Crafting",Domestic Services,Outdoor,Low,2,Primary,Land,High,Home Cook,Domestic Services,0.43,0.96
21,Male,Semi-Urban,Low,"Home Cleaning, Mushroom Cultivation",Food & Beverage,Home-based,Medium,7,None,Phone + Internet,High,Spice Mixing,Food & Beverage,0.69,0.71
45,Male,Urban,Low,"Baking, Cooking, Dairy Management, Makeup",Art & Craft,Home-based,High,4,None,None,Low,Paper Crafts,Art & Craft,0.95,0.74
18,Female,Rural,Low,"Food Delivery, Sewing, Poultry Care",Domestic Services,Home-based,Medium,7,Primary,Internet,Medium,Home Cook,Domestic Services,0.84,0.6
40,Male,Rural,Low,"Food Delivery, Video Editing",Beauty,Home-based,Medium,2,None,Land,Low,Skincare Product Making,Beauty,0.46,0.77
30,Female,Urban,Low,"Farming, Cooking",Education,Hybrid,High,5,Secondary,Phone + Internet,Low,Spoken English Classes,Education,0.79,0.95
45,Female,Rural,Medium,"Daycare Management, Dairy Management",Art & Craft,Hybrid,High,4,None,Vehicle,Medium,Candle Making,Art & Craft,0.5,0.69
50,Male,Rural,Low,"Paper Craft, Crafting, Mushroom Cultivation, Sewing",Agriculture,Home-based,Medium,4,Secondary,Land,Low,Poultry Business,Agriculture,0.56,0.77
46,Female,Urban,Medium,"Reselling, Food Delivery, Paper Craft, Mushroom Cultivation",Education,Home-based,High,6,Secondary,Land + Vehicle,Medium,Spoken English Classes,Education,0.72,0.9
32,Male,Rural,Medium,"Mobile Repair, Sewing, Food Delivery, Reselling",Technology,Outdoor,Low,5,Secondary,Land,Low,Digital Marketing Agency,Technology,0.78,0.6
43,Female,Semi-Urban,Medium,"Pickle Making, Cooking",Creative Services,Hybrid,High,7,Primary,Internet,High,Video Editing Service,Creative Services,0.63,0.79
31,Female,Rural,Medium,"Mobile Repair, Makeup, Embroidery",Technology,Outdoor,Medium,3,Primary,Land,Low,YouTube Channel,Technology,0.76,0.98
32,Female,Urban,Low,"Food Delivery, Home Cleaning, Dairy Management, Digital Marketing",Food & Beverage,Outdoor,Medium,6,Primary,None,Low,Tiffin Service,Food & Beverage,0.95,0.69
36,Female,Rural,Low,"Content Creation, Poultry Care, Farming, Video Editing",Food & Beverage,Outdoor,High,5,Primary,Phone,Low,Snack Stall,Food & Beverage,0.76,0.76
42,Female,Urban,Low,"Sewing, Daycare Management, Pickle Making, Baking",Apparel,Hybrid,High,2,Secondary,Phone + Internet,Medium,Tailoring Business,Apparel,0.45,0.65
41,Female,Urban,High,"Home Cleaning, Content Creation, Dairy Management, Pickle Making",Art & Craft,Home-based,Low,9,Secondary,Phone,High,Candle Making,Art & Craft,0.63,0.68
51,Female,Semi-Urban,Medium,"Pickle Making, Daycare Management",Creative Services,Outdoor,Medium,2,None,Phone,High,Content Creation Agency,Creative Services,0.69,0.52
46,Female,Semi-Urban,Low,"Mushroom Cultivation, Mobile Repair, Paper Craft",Creative Services,Hybrid,Medium,10,Primary,Land + Vehicle,High,Photography Studio,Creative Services,0.57,0.83
48,Female,Urban,Low,"Content Creation, Candle Making, Teaching, Sewing",Apparel,Outdoor,Medium,5,Secondary,Phone,Low,Tailoring Business,Apparel,0.67,0.56
39,Female,Urban,Low,"Crafting, Hair Styling",E-commerce,Hybrid,High,6,Secondary,Internet,Medium,Handmade Products Store,E-commerce,0.62,0.69
33,Female,Semi-Urban,High,"Home Cleaning, Dairy Management, Farming",Agriculture,Home-based,Low,5,Primary,None,High,Poultry Business,Agriculture,0.75,0.99
44,Female,Urban,Low,"Candle Making, Cooking",Agriculture,Home-based,High,2,Secondary,None,Low,Dairy Farming,Agriculture,0.66,0.79
36,Female,Semi-Urban,Low,"Baking, Tailoring, Candle Making",Food & Beverage,Hybrid,Medium,9,Secondary,Land + Vehicle,Low,Tiffin Service,Food & Beverage,0.74,0.86
54,Female,Semi-Urban,Low,"Makeup, Teaching",Domestic Services,Hybrid,Low,9,Primary,Land + Vehicle,High,Babysitting,Domestic Services,0.68,0.82
24,Female,Rural,Low,"Teaching, Pickle Making, Tailoring, Daycare Management",Art & Craft,Hybrid,Low,9,Primary,Vehicle,Low,Paper Crafts,Art & Craft,0.73,1.0
39,Female,Urban,Medium,"Photography, Content Creation",Beauty,Home-based,Low,3,Secondary,Phone + Internet,High,Home Salon,Beauty,0.94,0.76
24,Female,Semi-Urban,High,"Mushroom Cultivation, Paper Craft, Cooking, Video Editing",Art & Craft,Home-based,Medium,10,Secondary,Internet,High,Candle Making,Art & Craft,0.78,0.69
37,Female,Urban,High,"Photography, Daycare Management, Dairy Management",Food & Beverage,Home-based,High,8,Primary,Land + Vehicle,Medium,Homemade Pickles,Food & Beverage,0.58,0.79
36,Female,Semi-Urban,Low,"Crafting, Mobile Repair, Sewing, Content Creation",Technology,Hybrid,High,3,Primary,None,High,Mobile Repair Shop,Technology,0.59,0.82
38,Female,Semi-Urban,Medium,"Makeup, Embroidery, Mobile Repair",Art & Craft,Hybrid,Medium,4,Secondary,Phone + Internet,Low,Candle Making,Art & Craft,0.81,0.93
38,Female,Urban,Low,"Hair Styling, Pickle Making, Photography",Agriculture,Outdoor,Low,2,None,Phone + Internet,Medium,Dairy Farming,Agriculture,0.48,0.76
24,Female,Semi-Urban,High,"Photography, Crafting, Food Delivery, Embroidery",Beauty,Hybrid,Medium,8,None,Land,Low,Skincare Product Making,Beauty,0.87,0.72
34,Female,Semi-Urban,Medium,"Makeup, Candle Making, Dairy Management, Cooking",Creative Services,Home-based,Low,3,Secondary,Land + Vehicle,Medium,Content Creation Agency,Creative Services,0.83,0.85
52,Female,Urban,Medium,"Baking, Candle Making, Mushroom Cultivation",Beauty,Home-based,Low,4,None,Internet,Medium,Skincare Product Making,Beauty,0.87,0.87
45,Female,Urban,Low,"Pickle Making, Video Editing",Agriculture,Hybrid,Medium,9,None,Land + Vehicle,Low,Mushroom Cultivation,Agriculture,0.72,0.98
28,Female,Urban,Low,"Content Creation, Dairy Management, Tailoring",Apparel,Home-based,Low,3,Secondary,Phone,Low,Fabric Painting,Apparel,0.56,0.68
33,Female,Urban,High,"Farming, Makeup",Technology,Home-based,Low,8,None,Land + Vehicle,High,Mobile Repair Shop,Technology,0.94,0.73
39,Female,Urban,Low,"Mobile Repair, Teaching, Pickle Making, Paper Craft",Beauty,Outdoor,High,6,Secondary,Phone,High,Home Salon,Beauty,0.51,0.7
52,Female,Urban,Low,"Sewing, Farming, Home Cleaning",Education,Outdoor,Medium,9,None,None,Low,Spoken English Classes,Education,0.85,0.73
31,Male,Rural,Low,"Digital Marketing, Cooking, Teaching",Art & Craft,Hybrid,High,8,None,Phone,Medium,Candle Making,Art & Craft,0.68,0.79
42,Female,Semi-Urban,Low,"Reselling, Home Cleaning, Mobile Repair, Sewing",Technology,Hybrid,High,6,Secondary,Phone,High,YouTube Channel,Technology,0.73,0.77
20,Female,Semi-Urban,Low,"Photography, Poultry Care, Mushroom Cultivation",Apparel,Home-based,Medium,5,Secondary,Land + Vehicle,Low,Tailoring Business,Apparel,0.43,0.58
20,Male,Semi-Urban,Medium,"Dairy Management, Embroidery",E-commerce,Outdoor,High,10,Primary,Land + Vehicle,High,Dropshipping,E-commerce,0.42,0.68
19,Male,Rural,Medium,"Crafting, Home Cleaning",Food & Beverage,Home-based,Low,6,Primary,Land + Vehicle,Medium,Snack Stall,Food & Beverage,0.83,0.62
55,Male,Rural,Low,"Candle Making, Daycare Management",Domestic Services,Outdoor,High,3,Primary,None,High,Cleaning Services,Domestic Services,0.51,0.62
54,Female,Semi-Urban,Low,"Pickle Making, Teaching, Tailoring",Food & Beverage,Outdoor,High,4,None,Land + Vehicle,Low,Spice Mixing,Food & Beverage,0.58,0.54
49,Female,Rural,Medium,"Video Editing, Teaching, Mobile Repair, Poultry Care",Art & Craft,Home-based,Low,9,Secondary,None,Medium,Paper Crafts,Art & Craft,0.9,0.75
46,Female,Semi-Urban,Low,"Cooking, Baking, Tailoring",Education,Hybrid,Low,2,Primary,Land + Vehicle,Low,Spoken English Classes,Education,0.57,0.72
50,Female,Rural,Low,"Farming, Makeup",Beauty,Hybrid,High,6,None,Phone,Low,Home Salon,Beauty,0.5,0.51
23,Female,Rural,Low,"Baking, Tailoring, Poultry Care, Crafting",Beauty,Home-based,Medium,9,Primary,Vehicle,High,Skincare Product Making,Beauty,0.5,0.6
23,Female,Semi-Urban,Medium,"Paper Craft, Home Cleaning, Photography",Apparel,Outdoor,High,7,Secondary,Phone + Internet,Medium,Tailoring Business,Apparel,0.63,0.63
39,Female,Urban,Low,"Hair Styling, Candle Making",Agriculture,Home-based,Low,7,None,Internet,High,Poultry Business,Agriculture,0.77,0.93
27,Female,Urban,Low,"Paper Craft, Food Delivery, Embroidery",Agriculture,Outdoor,High,4,Secondary,Phone,Low,Mushroom Cultivation,Agriculture,0.68,0.7
40,Female,Semi-Urban,Low,"Tailoring, Farming, Dairy Management, Digital Marketing",Creative Services,Home-based,Medium,6,Primary,None,Medium,Photography Studio,Creative Services,0.92,0.81
44,Female,Urban,Low,"Content Creation, Poultry Care",Technology,Outdoor,Low,3,Secondary,Internet,Medium,YouTube Channel,Technology,0.58,0.52
41,Male,Semi-Urban,Medium,"Crafting, Tailoring, Daycare Management",Beauty,Hybrid,Low,7,Primary,Land,Low,Mehendi Services,Beauty,0.75,0.74
42,Male,Semi-Urban,Low,"Digital Marketing, Food Delivery",Education,Outdoor,Medium,8,Primary,None,Medium,Daycare Center,Education,0.63,0.68
34,Female,Semi-Urban,Medium,"Tailoring, Home Cleaning, Food Delivery",Beauty,Hybrid,Medium,9,Secondary,Vehicle,High,Home Salon,Beauty,0.63,0.76
42,Female,Semi-Urban,Low,"Photography, Embroidery, Tailoring, Video Editing",Education,Home-based,Low,8,Primary,Land,Medium,Spoken English Classes,Education,0.69,0.66
30,Female,Rural,Low,"Sewing, Digital Marketing, Tailoring",Education,Home-based,High,6,Primary,Phone + Internet,Medium,Daycare Center,Education,0.5,0.67
32,Female,Semi-Urban,Low,"Pickle Making, Tailoring, Makeup, Photography",Technology,Hybrid,Low,4,Primary,Phone + Internet,Medium,Digital Marketing Agency,Technology,0.82,0.88
24,Female,Urban,Medium,"Sewing, Embroidery, Cooking, Mobile Repair",Domestic Services,Hybrid,High,4,Primary,Internet,Medium,Cleaning Services,Domestic Services,0.65,0.51
52,Female,Rural,Low,"Candle Making, Food Delivery",E-commerce,Hybrid,Low,3,Secondary,Vehicle,High,Dropshipping,E-commerce,0.7,0.82
47,Female,Rural,Medium,"Hair Styling, Baking, Reselling",Beauty,Hybrid,Low,9,Primary,Land,Low,Home Salon,Beauty,0.89,0.8
38,Male,Rural,Low,"Crafting, Hair Styling, Cooking, Farming",Education,Home-based,Medium,2,None,None,Low,Home Tuition,Education,0.65,0.82
38,Female,Urban,Low,"Candle Making, Video Editing",Beauty,Home-based,High,4,Secondary,Internet,Medium,Home Salon,Beauty,0.48,0.79
33,Female,Rural,Low,"Mushroom Cultivation, Sewing, Poultry Care, Photography",E-commerce,Outdoor,Medium,9,None,Land + Vehicle,Low,Online Reselling,E-commerce,0.73,0.83
40,Female,Semi-Urban,Low,"Embroidery, Crafting",Art & Craft,Hybrid,Low,5,Primary,None,High,Candle Making,Art & Craft,0.61,0.57
43,Male,Rural,High,"Paper Craft, Baking, Embroidery, Pickle Making",Apparel,Home-based,Medium,5,Secondary,Phone + Internet,High,Tailoring Business,Apparel,0.46,0.87
30,Female,Urban,Low,"Paper Craft, Teaching",Domestic Services,Home-based,Medium,9,None,Phone + Internet,Medium,Babysitting,Domestic Services,0.72,0.92
33,Female,Urban,Low,"Cooking, Embroidery",Domestic Services,Outdoor,High,7,None,Vehicle,Medium,Home Cook,Domestic Services,0.79,0.85
41,Female,Semi-Urban,High,"Home Cleaning, Paper Craft",Food & Beverage,Hybrid,Low,9,Secondary,Land + Vehicle,High,Homemade Pickles,Food & Beverage,0.49,0.81
30,Female,Semi-Urban,Low,"Crafting, Daycare Management, Teaching",Domestic Services,Hybrid,High,5,Secondary,None,Low,Cleaning Services,Domestic Services,0.62,0.89
55,Female,Urban,Low,"Hair Styling, Home Cleaning, Teaching",Education,Outdoor,High,8,Primary,Land,High,Spoken English Classes,Education,0.9,0.88
41,Female,Semi-Urban,High,"Video Editing, Embroidery, Cooking",Food & Beverage,Outdoor,High,5,None,Internet,Low,Snack Stall,Food & Beverage,0.74,0.75
44,Female,Rural,Low,"Video Editing, Digital Marketing, Cooking",Art & Craft,Home-based,Medium,2,Secondary,Phone + Internet,Medium,Candle Making,Art & Craft,0.6,0.74
29,Female,Semi-Urban,Low,"Poultry Care, Pickle Making, Dairy Management",Technology,Home-based,Medium,5,Primary,Phone,High,Mobile Repair Shop,Technology,0.93,0.62
38,Male,Urban,High,"Digital Marketing, Teaching, Crafting",Beauty,Hybrid,Low,9,None,Phone,Low,Home Salon,Beauty,0.94,0.64
30,Female,Rural,High,"Teaching, Mobile Repair, Paper Craft",Domestic Services,Home-based,High,9,Secondary,Vehicle,High,Babysitting,Domestic Services,0.65,0.61
20,Female,Urban,Low,"Pickle Making, Video Editing, Home Cleaning",Apparel,Home-based,High,6,Primary,None,High,Tailoring Business,Apparel,0.56,0.99
31,Female,Urban,Low,"Paper Craft, Farming, Cooking",Technology,Outdoor,High,8,Primary,Internet,High,Mobile Repair Shop,Technology,0.45,0.56
24,Male,Semi-Urban,Low,"Hair Styling, Video Editing, Food Delivery",E-commerce,Hybrid,Low,10,Secondary,Vehicle,Medium,Handmade Products Store,E-commerce,0.71,0.76
39,Female,Semi-Urban,Low,"Reselling, Dairy Management, Poultry Care",Creative Services,Home-based,Low,5,None,Internet,High,Content Creation Agency,Creative Services,0.47,0.84
28,Female,Rural,Medium,"Pickle Making, Tailoring, Hair Styling",Creative Services,Hybrid,Low,3,None,None,High,Photography Studio,Creative Services,0.87,0.96
44,Male,Urban,Low,"Tailoring, Mushroom Cultivation, Pickle Making, Home Cleaning",Apparel,Home-based,Medium,5,Secondary,Phone,Low,Fabric Painting,Apparel,0.59,0.82
39,Female,Semi-Urban,Medium,"Crafting, Cooking, Hair Styling, Digital Marketing",Education,Home-based,Low,3,None,Land + Vehicle,Medium,Spoken English Classes,Education,0.47,0.8
51,Female,Rural,Low,"Digital Marketing, Home Cleaning",E-commerce,Outdoor,High,5,Secondary,Phone + Internet,Low,Dropshipping,E-commerce,0.66,0.69
19,Female,Urban,Low,"Poultry Care, Mushroom Cultivation, Reselling, Teaching",Domestic Services,Outdoor,Medium,6,Secondary,Land + Vehicle,Low,Cleaning Services,Domestic Services,0.62,0.95
44,Female,Rural,Low,"Digital Marketing, Baking, Candle Making, Content Creation",Creative Services,Outdoor,Medium,4,None,Phone + Internet,High,Photography Studio,Creative Services,0.65,0.98
50,Female,Rural,Medium,"Reselling, Sewing",Domestic Services,Outdoor,High,10,Secondary,Vehicle,Low,Cleaning Services,Domestic Services,0.89,0.51
52,Female,Semi-Urban,Low,"Reselling, Cooking, Crafting",Technology,Hybrid,Low,2,Primary,Internet,Medium,Digital Marketing Agency,Technology,0.6,0.91
47,Female,Rural,Low,"Home Cleaning, Farming, Food Delivery, Makeup",Apparel,Hybrid,Low,7,None,Phone,High,Embroidery Shop,Apparel,0.84,0.7
33,Female,Semi-Urban,Low,"Content Creation, Cooking",E-commerce,Hybrid,Low,6,Secondary,Vehicle,Medium,Dropshipping,E-commerce,0.65,0.85
30,Female,Urban,Low,"Photography, Cooking",Art & Craft,Hybrid,Low,4,None,Phone + Internet,Medium,Jewelry Design,Art & Craft,0.94,0.96
24,Female,Urban,Low,"Sewing, Dairy Management",Apparel,Home-based,Low,2,Primary,None,High,Embroidery Shop,Apparel,0.45,0.65
51,Male,Semi-Urban,Low,"Reselling, Mobile Repair",Food & Beverage,Outdoor,Medium,3,Secondary,Land + Vehicle,Low,Homemade Pickles,Food & Beverage,0.76,0.84
44,Female,Rural,Medium,"Mushroom Cultivation, Photography",Apparel,Outdoor,Low,2,Secondary,None,High,Tailoring Business,Apparel,0.76,0.7
38,Female,Urban,Low,"Photography, Hair Styling, Poultry Care, Mushroom Cultivation",Apparel,Outdoor,Medium,4,Secondary,Phone,Low,Tailoring Business,Apparel,0.49,0.94
50,Female,Urban,Low,"Sewing, Crafting, Embroidery, Video Editing",Art & Craft,Home-based,Low,3,Secondary,Phone + Internet,High,Candle Making,Art & Craft,0.85,0.95
25,Female,Rural,Medium,"Dairy Management, Cooking, Mobile Repair, Sewing",Art & Craft,Hybrid,Low,5,Primary,Land,High,Candle Making,Art & Craft,0.43,0.7
29,Male,Rural,High,"Embroidery, Hair Styling, Cooking, Daycare Management",Art & Craft,Hybrid,Medium,4,Secondary,Land + Vehicle,Medium,Paper Crafts,Art & Craft,0.64,0.96
18,Female,Semi-Urban,Medium,"Dairy Management, Teaching, Poultry Care, Tailoring",Apparel,Outdoor,Medium,9,Primary,Internet,Medium,Embroidery Shop,Apparel,0.55,0.77
32,Female,Rural,Low,"Sewing, Embroidery, Paper Craft, Candle Making",Domestic Services,Home-based,Low,8,None,Land + Vehicle,High,Cleaning Services,Domestic Services,0.57,0.72
22,Female,Semi-Urban,Medium,"Tailoring, Poultry Care",Domestic Services,Outdoor,High,5,None,Land,Medium,Babysitting,Domestic Services,0.93,0.94
39,Female,Rural,Medium,"Cooking, Farming, Sewing",Creative Services,Hybrid,High,7,Primary,Land + Vehicle,Low,Photography Studio,Creative Services,0.5,0.7
30,Female,Semi-Urban,High,"Makeup, Poultry Care, Pickle Making",Agriculture,Outdoor,High,8,None,Phone + Internet,High,Mushroom Cultivation,Agriculture,0.42,0.76
31,Female,Rural,Low,"Sewing, Baking, Digital Marketing",Art & Craft,Home-based,High,9,None,Phone + Internet,Low,Candle Making,Art & Craft,0.5,0.68
36,Male,Rural,Low,"Cooking, Home Cleaning, Photography, Baking",Art & Craft,Hybrid,Medium,3,None,Land,High,Jewelry Design,Art & Craft,0.68,0.82
26,Female,Rural,Low,"Mobile Repair, Sewing, Embroidery, Mushroom Cultivation",Domestic Services,Hybrid,Medium,5,Primary,None,Medium,Home Cook,Domestic Services,0.51,0.64
19,Female,Semi-Urban,Low,"Paper Craft, Poultry Care, Pickle Making",Beauty,Hybrid,Medium,9,None,Internet,High,Skincare Product Making,Beauty,0.85,0.67
36,Female,Urban,Low,"Pickle Making, Crafting, Sewing, Digital Marketing",Apparel,Outdoor,Medium,5,Primary,None,High,Embroidery Shop,Apparel,0.58,0.59
49,Male,Semi-Urban,Low,"Video Editing, Tailoring, Home Cleaning",Food & Beverage,Outdoor,Medium,9,Secondary,Land,Low,Tiffin Service,Food & Beverage,0.87,0.51
43,Female,Urban,Medium,"Farming, Teaching, Cooking, Paper Craft",Domestic Services,Home-based,Low,5,Primary,Phone,Low,Cleaning Services,Domestic Services,0.61,0.63
51,Male,Rural,Low,"Mobile Repair, Makeup, Food Delivery",Apparel,Home-based,High,8,Secondary,None,Medium,Embroidery Shop,Apparel,0.71,0.73
46,Female,Rural,Medium,"Sewing, Candle Making, Daycare Management, Poultry Care",Art & Craft,Home-based,Low,4,Primary,None,Medium,Jewelry Design,Art & Craft,0.65,0.93
42,Female,Semi-Urban,High,"Digital Marketing, Cooking, Sewing",Food & Beverage,Hybrid,Low,8,Secondary,Vehicle,High,Snack Stall,Food & Beverage,0.49,0.86
41,Female,Rural,Low,"Makeup, Hair Styling, Food Delivery",Beauty,Outdoor,Low,5,None,None,Low,Skincare Product Making,Beauty,0.5,0.98
52,Female,Semi-Urban,Low,"Candle Making, Embroidery",Creative Services,Outdoor,High,6,None,None,Medium,Video Editing Service,Creative Services,0.94,0.72
30,Male,Urban,High,"Baking, Home Cleaning, Sewing",Apparel,Home-based,High,3,Secondary,None,High,Tailoring Business,Apparel,0.41,0.97
19,Female,Urban,Low,"Baking, Candle Making, Makeup, Digital Marketing",Technology,Outdoor,High,9,None,Phone,Low,Mobile Repair Shop,Technology,0.75,0.59
31,Female,Rural,Medium,"Baking, Embroidery, Content Creation, Dairy Management",E-commerce,Hybrid,Medium,3,Primary,Phone,High,Online Reselling,E-commerce,0.93,0.97
47,Female,Urban,Low,"Farming, Mushroom Cultivation",Food & Beverage,Outdoor,Medium,10,None,None,High,Homemade Pickles,Food & Beverage,0.5,0.62
23,Female,Rural,Low,"Dairy Management, Poultry Care, Sewing, Cooking",Apparel,Hybrid,High,8,None,Land,High,Tailoring Business,Apparel,0.56,0.76
49,Female,Rural,Medium,"Content Creation, Embroidery, Candle Making, Tailoring",Creative Services,Outdoor,High,5,Secondary,Phone + Internet,Low,Video Editing Service,Creative Services,0.57,0.59
40,Female,Semi-Urban,Medium,"Digital Marketing, Daycare Management, Pickle Making",Apparel,Hybrid,Low,6,Primary,Phone + Internet,High,Embroidery Shop,Apparel,0.88,0.71
40,Female,Rural,Medium,"Pickle Making, Crafting, Cooking",Apparel,Outdoor,Medium,6,None,Vehicle,Low,Tailoring Business,Apparel,0.47,0.69
25,Male,Rural,Low,"Digital Marketing, Reselling",Education,Home-based,High,4,Secondary,None,Medium,Spoken English Classes,Education,0.5,0.79
23,Female,Semi-Urban,Medium,"Mushroom Cultivation, Teaching, Paper Craft",Domestic Services,Hybrid,Low,9,Secondary,Land,Medium,Home Cook,Domestic Services,0.94,0.61
42,Female,Rural,High,"Poultry Care, Daycare Management, Baking",E-commerce,Home-based,Medium,10,Secondary,Internet,High,Online Reselling,E-commerce,0.43,0.97
53,Male,Rural,Low,"Candle Making, Content Creation, Makeup",E-commerce,Hybrid,Low,6,Secondary,None,High,Dropshipping,E-commerce,0.86,0.99
31,Female,Rural,High,"Makeup, Photography",E-commerce,Home-based,High,7,None,Phone,Medium,Online Reselling,E-commerce,0.42,0.97
45,Female,Rural,Low,"Mushroom Cultivation, Embroidery, Video Editing, Cooking",Food & Beverage,Hybrid,Medium,9,Primary,Land,High,Tiffin Service,Food & Beverage,0.79,0.59
30,Female,Semi-Urban,Low,"Video Editing, Photography, Reselling",Technology,Hybrid,High,5,Secondary,Vehicle,High,Digital Marketing Agency,Technology,0.94,0.76
38,Female,Rural,Low,"Sewing, Photography, Tailoring",Beauty,Home-based,Medium,8,None,Phone,Low,Home Salon,Beauty,0.78,0.84
24,Female,Urban,Low,"Paper Craft, Hair Styling",Education,Home-based,Low,7,Secondary,Land + Vehicle,High,Home Tuition,Education,0.51,0.76
53,Female,Semi-Urban,Medium,"Cooking, Tailoring, Reselling, Daycare Management",Creative Services,Outdoor,Low,10,Primary,Internet,High,Photography Studio,Creative Services,0.6,0.72
45,Female,Rural,Medium,"Embroidery, Baking, Paper Craft",Art & Craft,Home-based,High,7,Primary,Land,Medium,Candle Making,Art & Craft,0.44,0.91
19,Female,Rural,Medium,"Home Cleaning, Teaching, Baking, Reselling",Technology,Hybrid,Low,7,None,Phone,High,Digital Marketing Agency,Technology,0.88,0.69
21,Female,Rural,Low,"Pickle Making, Mobile Repair, Cooking, Hair Styling",Domestic Services,Home-based,High,4,Primary,Phone + Internet,High,Babysitting,Domestic Services,0.45,0.52
43,Female,Rural,Low,"Video Editing, Content Creation",Creative Services,Outdoor,Low,10,None,Phone + Internet,Low,Photography Studio,Creative Services,0.59,0.73
18,Female,Rural,Low,"Crafting, Makeup, Teaching, Mobile Repair",Food & Beverage,Outdoor,Low,7,Secondary,Vehicle,High,Tiffin Service,Food & Beverage,0.7,0.66
36,Female,Urban,Low,"Food Delivery, Hair Styling, Sewing, Photography",Beauty,Hybrid,Low,2,Secondary,Phone + Internet,High,Mehendi Services,Beauty,0.86,0.98
26,Male,Urban,Low,"Photography, Tailoring, Home Cleaning",Agriculture,Home-based,Low,2,Secondary,Internet,Medium,Mushroom Cultivation,Agriculture,0.7,0.53
27,Female,Urban,High,"Pickle Making, Digital Marketing, Daycare Management, Makeup",Agriculture,Outdoor,Low,3,Primary,Phone,Low,Mushroom Cultivation,Agriculture,0.66,0.9
40,Female,Rural,Low,"Cooking, Video Editing, Mobile Repair, Reselling",Agriculture,Hybrid,Medium,3,Secondary,Phone + Internet,High,Poultry Business,Agriculture,0.56,0.55
21,Female,Urban,Low,"Teaching, Paper Craft, Tailoring, Cooking",Art & Craft,Outdoor,Low,6,None,Phone + Internet,Medium,Paper Crafts,Art & Craft,0.48,0.6
22,Female,Rural,Medium,"Pickle Making, Reselling",Art & Craft,Home-based,Medium,4,None,Phone,Low,Paper Crafts,Art & Craft,0.73,0.98
43,Male,Urban,Low,"Mushroom Cultivation, Daycare Management, Hair Styling",Art & Craft,Outdoor,High,3,Secondary,Land + Vehicle,Low,Jewelry Design,Art & Craft,0.64,0.8
29,Female,Semi-Urban,Medium,"Farming, Mobile Repair, Daycare Management, Food Delivery",Beauty,Home-based,Low,4,Primary,Phone + Internet,Low,Home Salon,Beauty,0.79,0.94
50,Female,Urban,Low,"Candle Making, Poultry Care, Baking",Domestic Services,Home-based,Low,4,None,Land,Medium,Babysitting,Domestic Services,0.41,0.5
45,Female,Semi-Urban,Low,"Makeup, Farming, Food Delivery, Digital Marketing",Beauty,Hybrid,Low,7,None,Land + Vehicle,High,Mehendi Services,Beauty,0.94,0.59
18,Male,Urban,Low,"Candle Making, Reselling, Crafting",Creative Services,Home-based,High,9,Primary,Phone + Internet,High,Photography Studio,Creative Services,0.42,0.51
19,Female,Semi-Urban,Low,"Sewing, Baking, Makeup, Dairy Management",Creative Services,Home-based,Low,8,Secondary,Phone,Low,Content Creation Agency,Creative Services,0.52,0.86
31,Female,Urban,Medium,"Daycare Management, Food Delivery, Cooking, Digital Marketing",Education,Outdoor,Low,4,Secondary,None,Low,Home Tuition,Education,0.42,0.93
29,Male,Semi-Urban,Low,"Makeup, Tailoring",Technology,Outdoor,High,8,Primary,Phone,Medium,YouTube Channel,Technology,0.94,0.77
42,Female,Semi-Urban,High,"Food Delivery, Makeup, Poultry Care, Crafting",Art & Craft,Outdoor,Medium,4,Secondary,Internet,Medium,Candle Making,Art & Craft,0.82,0.86
40,Female,Urban,Low,"Candle Making, Crafting, Farming",Domestic Services,Home-based,Medium,4,Primary,Land + Vehicle,Low,Home Cook,Domestic Services,0.63,0.98
36,Female,Rural,Low,"Farming, Hair Styling",Creative Services,Home-based,Low,3,Secondary,Vehicle,Low,Video Editing Service,Creative Services,0.71,0.88
28,Male,Semi-Urban,Medium,"Pickle Making, Baking, Mobile Repair, Home Cleaning",Technology,Outdoor,Medium,6,None,Land + Vehicle,Medium,Mobile Repair Shop,Technology,0.92,0.51
24,Female,Rural,Low,"Poultry Care, Food Delivery",Apparel,Hybrid,Medium,3,Secondary,Land,Medium,Embroidery Shop,Apparel,0.7,0.56
34,Female,Rural,Low,"Photography, Daycare Management",Food & Beverage,Outdoor,High,3,Primary,Phone,Low,Snack Stall,Food & Beverage,0.6,0.58
36,Female,Semi-Urban,Low,"Mushroom Cultivation, Candle Making, Video Editing, Daycare Management",Agriculture,Home-based,Low,6,Primary,Internet,Medium,Poultry Business,Agriculture,0.69,0.51
33,Male,Urban,High,"Dairy Management, Mobile Repair",Beauty,Home-based,High,8,Secondary,Vehicle,Low,Mehendi Services,Beauty,0.77,0.78
50,Female,Rural,Low,"Digital Marketing, Sewing, Mushroom Cultivation",Beauty,Outdoor,High,4,None,Phone,High,Home Salon,Beauty,0.84,0.57
19,Female,Rural,Low,"Pickle Making, Farming, Embroidery, Digital Marketing",Agriculture,Home-based,Low,4,Secondary,Land,High,Poultry Business,Agriculture,0.54,0.82
30,Female,Urban,Low,"Content Creation, Makeup",Creative Services,Outdoor,Medium,10,None,Land + Vehicle,Medium,Photography Studio,Creative Services,0.9,0.83
38,Female,Rural,Low,"Sewing, Food Delivery",Domestic Services,Hybrid,Medium,8,None,Phone + Internet,Low,Cleaning Services,Domestic Services,0.84,0.6
42,Female,Urban,Low,"Farming, Hair Styling",Food & Beverage,Home-based,Low,8,Secondary,Phone,High,Snack Stall,Food & Beverage,0.48,0.53
22,Male,Rural,Low,"Poultry Care, Makeup, Cooking, Mushroom Cultivation",Food & Beverage,Home-based,Low,2,Primary,Land + Vehicle,Medium,Tiffin Service,Food & Beverage,0.9,0.89
53,Female,Urban,Low,"Mushroom Cultivation, Makeup",Domestic Services,Hybrid,High,6,None,Phone + Internet,Low,Home Cook,Domestic Services,0.59,0.98
24,Female,Urban,Low,"Mushroom Cultivation, Digital Marketing, Pickle Making",Education,Home-based,High,5,Secondary,Land + Vehicle,Medium,Daycare Center,Education,0.73,0.6
36,Female,Urban,High,"Baking, Embroidery, Photography, Reselling",E-commerce,Home-based,Low,8,Primary,Phone,Low,Handmade Products Store,E-commerce,0.52,0.94
45,Female,Urban,Low,"Teaching, Video Editing, Baking, Cooking",Education,Hybrid,Low,6,Primary,Phone,Medium,Spoken English Classes,Education,0.67,0.91
28,Female,Rural,Low,"Reselling, Cooking, Mobile Repair",Art & Craft,Hybrid,Medium,9,Secondary,None,High,Jewelry Design,Art & Craft,0.71,0.69
30,Female,Semi-Urban,Low,"Cooking, Paper Craft, Embroidery",Beauty,Outdoor,Low,7,Secondary,Land + Vehicle,Low,Skincare Product Making,Beauty,0.43,0.82
43,Female,Urban,Low,"Crafting, Poultry Care, Pickle Making",Technology,Home-based,Medium,10,Primary,Phone,Low,YouTube Channel,Technology,0.5,0.77
25,Female,Semi-Urban,Medium,"Paper Craft, Photography, Digital Marketing, Dairy Management",Technology,Outdoor,High,7,Secondary,Phone + Internet,Low,Mobile Repair Shop,Technology,0.84,0.91
18,Male,Rural,Low,"Digital Marketing, Photography, Video Editing",Beauty,Outdoor,Medium,2,None,Internet,Low,Skincare Product Making,Beauty,0.63,0.68
26,Female,Rural,Low,"Poultry Care, Tailoring, Embroidery, Daycare Management",Domestic Services,Home-based,Low,6,None,Phone + Internet,Low,Home Cook,Domestic Services,0.76,0.69
53,Female,Semi-Urban,Low,"Photography, Teaching",Creative Services,Outdoor,High,3,None,Vehicle,Medium,Video Editing Service,Creative Services,0.62,0.85
35,Female,Semi-Urban,Low,"Mushroom Cultivation, Content Creation",Technology,Outdoor,Low,6,Secondary,Land + Vehicle,Low,YouTube Channel,Technology,0.42,0.54
31,Female,Urban,Medium,"Poultry Care, Reselling, Pickle Making, Mobile Repair",Food & Beverage,Outdoor,High,7,Primary,Land + Vehicle,Medium,Tiffin Service,Food & Beverage,0.49,0.55
52,Female,Semi-Urban,High,"Mushroom Cultivation, Home Cleaning, Crafting, Paper Craft",Art & Craft,Hybrid,Medium,7,Secondary,Land,Low,Jewelry Design,Art & Craft,0.51,0.61
41,Female,Rural,High,"Pickle Making, Dairy Management, Poultry Care",Art & Craft,Home-based,Medium,6,Primary,Land,High,Jewelry Design,Art & Craft,0.71,0.98
23,Female,Semi-Urban,Medium,"Hair Styling, Sewing, Teaching",E-commerce,Outdoor,Low,5,Primary,Internet,Medium,Dropshipping,E-commerce,0.73,0.99
33,Female,Urban,High,"Daycare Management, Tailoring, Sewing",Art & Craft,Outdoor,Medium,4,Secondary,Phone,Low,Jewelry Design,Art & Craft,0.77,0.68
45,Female,Rural,Low,"Farming, Photography, Paper Craft",Agriculture,Outdoor,High,5,None,Internet,High,Poultry Business,Agriculture,0.44,0.81
20,Female,Urban,Medium,"Poultry Care, Makeup",Education,Home-based,Low,10,None,Land,Low,Home Tuition,Education,0.58,0.64
45,Male,Urban,Low,"Teaching, Cooking",Art & Craft,Hybrid,Medium,10,Primary,Internet,Low,Candle Making,Art & Craft,0.86,0.59
33,Female,Semi-Urban,Medium,"Farming, Home Cleaning, Candle Making",Technology,Home-based,High,8,None,Phone,High,YouTube Channel,Technology,0.45,0.88
19,Female,Rural,Low,"Hair Styling, Reselling, Mushroom Cultivation",Education,Home-based,High,2,None,Phone,Medium,Home Tuition,Education,0.65,0.52
39,Female,Semi-Urban,Low,"Farming, Dairy Management",Technology,Hybrid,Low,4,Secondary,Phone + Internet,Low,YouTube Channel,Technology,0.77,0.93
41,Female,Urban,Medium,"Makeup, Food Delivery, Pickle Making",Agriculture,Home-based,Medium,6,None,Land + Vehicle,Medium,Mushroom Cultivation,Agriculture,0.87,0.99
20,Female,Semi-Urban,Medium,"Mushroom Cultivation, Food Delivery",Art & Craft,Outdoor,Low,3,Secondary,Land + Vehicle,Medium,Paper Crafts,Art & Craft,0.85,0.9
23,Male,Semi-Urban,Low,"Digital Marketing, Daycare Management",Education,Home-based,High,3,Secondary,Phone + Internet,Medium,Daycare Center,Education,0.48,0.96
19,Female,Rural,Low,"Dairy Management, Cooking",E-commerce,Outdoor,Low,6,Secondary,Vehicle,High,Dropshipping,E-commerce,0.41,0.69
29,Female,Urban,Low,"Crafting, Teaching",Domestic Services,Outdoor,Medium,6,Primary,Land + Vehicle,High,Babysitting,Domestic Services,0.61,0.95
55,Female,Semi-Urban,Low,"Teaching, Reselling, Food Delivery, Embroidery",Beauty,Hybrid,High,7,None,Internet,High,Skincare Product Making,Beauty,0.43,0.6
29,Male,Urban,Medium,"Candle Making, Dairy Management",E-commerce,Home-based,Medium,7,Primary,Phone,Low,Handmade Products Store,E-commerce,0.44,0.69
43,Female,Urban,Low,"Crafting, Mushroom Cultivation, Makeup",Agriculture,Home-based,Low,4,Secondary,Phone,Medium,Poultry Business,Agriculture,0.65,0.75
33,Female,Urban,Low,"Candle Making, Home Cleaning",Creative Services,Home-based,Medium,9,Secondary,Land + Vehicle,Medium,Content Creation Agency,Creative Services,0.44,0.88
41,Female,Rural,Medium,"Daycare Management, Digital Marketing, Cooking, Embroidery",Domestic Services,Outdoor,High,3,None,Land + Vehicle,High,Home Cook,Domestic Services,0.63,0.51
38,Female,Semi-Urban,High,"Mushroom Cultivation, Daycare Management, Video Editing",Technology,Home-based,High,6,None,None,High,Digital Marketing Agency,Technology,0.67,0.81
54,Male,Semi-Urban,Medium,"Candle Making, Tailoring",Education,Home-based,Medium,3,None,Land + Vehicle,Low,Home Tuition,Education,0.86,0.86
30,Female,Urban,Low,"Mobile Repair, Baking",Education,Home-based,Medium,7,Primary,Phone,Low,Daycare Center,Education,0.5,0.8
28,Male,Semi-Urban,Low,"Candle Making, Crafting, Daycare Management",E-commerce,Hybrid,High,2,Primary,Land + Vehicle,High,Online Reselling,E-commerce,0.59,0.73
54,Female,Rural,High,"Hair Styling, Photography, Cooking",Agriculture,Outdoor,Low,10,Primary,Vehicle,High,Poultry Business,Agriculture,0.84,0.65
52,Female,Rural,Medium,"Sewing, Tailoring, Daycare Management, Baking",Domestic Services,Outdoor,High,2,None,Land + Vehicle,Medium,Babysitting,Domestic Services,0.46,0.93
32,Female,Semi-Urban,Low,"Daycare Management, Photography",Technology,Hybrid,Low,7,None,Internet,Low,YouTube Channel,Technology,0.49,0.94
52,Female,Urban,High,"Photography, Cooking, Teaching",Education,Outdoor,High,2,None,None,Medium,Daycare Center,Education,0.55,0.75
27,Female,Semi-Urban,Low,"Baking, Home Cleaning",Apparel,Hybrid,Low,2,None,Vehicle,Medium,Fabric Painting,Apparel,0.44,0.71
45,Female,Rural,Low,"Embroidery, Video Editing, Dairy Management",Technology,Home-based,High,8,Primary,Phone + Internet,Medium,YouTube Channel,Technology,0.78,0.62
55,Male,Urban,High,"Sewing, Teaching",Domestic Services,Outdoor,High,10,Secondary,Phone + Internet,Low,Babysitting,Domestic Services,0.5,0.91
44,Female,Rural,Medium,"Crafting, Home Cleaning, Hair Styling, Tailoring",Domestic Services,Outdoor,High,2,Primary,Land,Medium,Cleaning Services,Domestic Services,0.61,0.72
46,Female,Semi-Urban,Medium,"Mobile Repair, Dairy Management, Candle Making, Paper Craft",Education,Outdoor,High,7,Secondary,Phone,High,Home Tuition,Education,0.86,0.88
44,Female,Rural,Low,"Dairy Management, Hair Styling",Agriculture,Outdoor,Low,6,Secondary,Phone + Internet,Low,Poultry Business,Agriculture,0.46,0.61
35,Female,Urban,Low,"Video Editing, Home Cleaning, Sewing",Apparel,Home-based,Medium,9,Primary,Vehicle,Medium,Tailoring Business,Apparel,0.5,0.7
42,Female,Rural,Low,"Food Delivery, Hair Styling, Content Creation",Agriculture,Hybrid,Medium,5,Primary,Phone + Internet,Medium,Poultry Business,Agriculture,0.81,0.59
37,Female,Rural,Low,"Cooking, Embroidery, Mushroom Cultivation",Beauty,Outdoor,Low,4,None,Internet,Low,Home Salon,Beauty,0.76,0.8
50,Male,Rural,Low,"Sewing, Daycare Management",Art & Craft,Outdoor,High,3,Secondary,Vehicle,High,Paper Crafts,Art & Craft,0.6,0.79
19,Female,Urban,Low,"Mushroom Cultivation, Mobile Repair, Baking, Reselling",Beauty,Home-based,Low,7,Secondary,Land,Medium,Skincare Product Making,Beauty,0.7,0.5
23,Female,Rural,Medium,"Embroidery, Farming, Home Cleaning, Tailoring",Beauty,Home-based,High,4,None,Phone,Low,Mehendi Services,Beauty,0.76,0.51
48,Male,Urban,Low,"Pickle Making, Paper Craft, Candle Making, Reselling",Domestic Services,Hybrid,Medium,3,Secondary,Vehicle,High,Babysitting,Domestic Services,0.85,0.79
45,Male,Semi-Urban,High,"Dairy Management, Pickle Making, Home Cleaning",Creative Services,Hybrid,High,4,None,Phone,Low,Content Creation Agency,Creative Services,0.55,0.78
28,Female,Urban,High,"Daycare Management, Sewing, Teaching",Domestic Services,Outdoor,Low,10,Secondary,Land + Vehicle,High,Home Cook,Domestic Services,0.47,0.82
50,Female,Rural,Low,"Home Cleaning, Food Delivery, Daycare Management, Poultry Care",Technology,Hybrid,Medium,8,Primary,Land + Vehicle,High,YouTube Channel,Technology,0.9,0.61
29,Male,Urban,Low,"Pickle Making, Dairy Management, Tailoring",Apparel,Home-based,High,8,None,None,High,Fabric Painting,Apparel,0.71,0.83
24,Male,Rural,Low,"Dairy Management, Photography",Agriculture,Outdoor,High,6,Primary,Phone,High,Mushroom Cultivation,Agriculture,0.77,0.98
50,Female,Semi-Urban,Low,"Sewing, Mobile Repair",E-commerce,Outdoor,Low,6,Primary,Vehicle,High,Handmade Products Store,E-commerce,0.87,0.77
27,Female,Semi-Urban,Medium,"Mushroom Cultivation, Sewing, Video Editing, Paper Craft",Art & Craft,Hybrid,Medium,7,Secondary,Phone,High,Jewelry Design,Art & Craft,0.94,0.96
52,Female,Rural,Low,"Farming, Pickle Making",Agriculture,Outdoor,Low,7,None,None,Medium,Mushroom Cultivation,Agriculture,0.54,0.81
25,Female,Rural,Low,"Sewing, Video Editing",Agriculture,Hybrid,High,7,Secondary,None,High,Poultry Business,Agriculture,0.57,0.74
34,Female,Rural,Medium,"Content Creation, Hair Styling",Art & Craft,Outdoor,High,4,Secondary,Vehicle,Medium,Paper Crafts,Art & Craft,0.77,0.85
40,Female,Rural,Low,"Mobile Repair, Makeup, Crafting",Apparel,Hybrid,Low,10,None,Vehicle,Medium,Embroidery Shop,Apparel,0.86,0.64
30,Female,Semi-Urban,High,"Farming, Home Cleaning",Agriculture,Home-based,High,10,None,Land,High,Dairy Farming,Agriculture,0.46,0.61
20,Female,Rural,Medium,"Mobile Repair, Mushroom Cultivation, Reselling",Agriculture,Outdoor,Medium,4,Secondary,Land,Medium,Poultry Business,Agriculture,0.87,0.95
21,Female,Rural,Medium,"Candle Making, Home Cleaning, Pickle Making",E-commerce,Outdoor,Low,5,Secondary,Phone,High,Handmade Products Store,E-commerce,0.53,0.69
45,Female,Rural,Medium,"Candle Making, Reselling",Apparel,Home-based,High,8,Secondary,Internet,Medium,Tailoring Business,Apparel,0.62,0.67
36,Female,Rural,Low,"Reselling, Tailoring, Mushroom Cultivation, Photography",Apparel,Outdoor,Medium,2,Primary,Land + Vehicle,High,Tailoring Business,Apparel,0.61,0.58
48,Female,Semi-Urban,High,"Hair Styling, Daycare Management, Home Cleaning",Domestic Services,Outdoor,Low,7,Primary,None,Medium,Home Cook,Domestic Services,0.87,0.57
39,Male,Semi-Urban,Low,"Embroidery, Teaching, Reselling",Apparel,Hybrid,Medium,3,None,Phone,High,Fabric Painting,Apparel,0.64,0.58
33,Female,Rural,Low,"Crafting, Home Cleaning, Candle Making",Agriculture,Home-based,High,7,None,Phone + Internet,High,Poultry Business,Agriculture,0.53,0.94
18,Female,Semi-Urban,Low,"Hair Styling, Poultry Care, Reselling, Video Editing",Technology,Home-based,Low,5,Secondary,Phone + Internet,High,YouTube Channel,Technology,0.92,0.81
46,Female,Urban,Low,"Candle Making, Crafting, Content Creation",Creative Services,Home-based,High,9,Primary,Vehicle,Low,Video Editing Service,Creative Services,0.59,0.53
27,Female,Semi-Urban,Low,"Paper Craft, Digital Marketing, Crafting",Creative Services,Hybrid,Low,5,None,Internet,Medium,Content Creation Agency,Creative Services,0.78,0.95
23,Male,Semi-Urban,Low,"Sewing, Teaching, Food Delivery",E-commerce,Outdoor,Low,5,None,Phone,Low,Handmade Products Store,E-commerce,0.94,0.89
39,Female,Rural,Low,"Home Cleaning, Paper Craft, Makeup, Sewing",Domestic Services,Hybrid,Medium,5,Primary,Internet,Medium,Home Cook,Domestic Services,0.58,0.83
50,Female,Semi-Urban,Low,"Baking, Embroidery, Dairy Management, Teaching",Apparel,Outdoor,Low,6,None,Land + Vehicle,Low,Tailoring Business,Apparel,0.89,0.77
18,Female,Semi-Urban,Low,"Makeup, Content Creation, Mobile Repair",Creative Services,Hybrid,High,3,None,Phone,Low,Content Creation Agency,Creative Services,0.8,0.82
37,Female,Rural,Low,"Food Delivery, Home Cleaning, Teaching, Content Creation",Agriculture,Home-based,Medium,9,Secondary,None,High,Mushroom Cultivation,Agriculture,0.93,0.83
35,Female,Semi-Urban,Low,"Crafting, Paper Craft",Apparel,Outdoor,High,6,Secondary,Internet,Medium,Fabric Painting,Apparel,0.76,0.71
35,Female,Rural,Medium,"Digital Marketing, Daycare Management",Beauty,Hybrid,Low,2,None,Land + Vehicle,Low,Home Salon,Beauty,0.58,0.57
46,Female,Semi-Urban,Low,"Farming, Mushroom Cultivation, Video Editing, Mobile Repair",Food & Beverage,Home-based,Medium,9,Primary,Phone + Internet,High,Snack Stall,Food & Beverage,0.92,0.88
29,Female,Semi-Urban,Low,"Poultry Care, Photography, Tailoring",Agriculture,Hybrid,Medium,2,Secondary,Land,Low,Poultry Business,Agriculture,0.69,0.89
24,Female,Semi-Urban,Medium,"Digital Marketing, Hair Styling, Mobile Repair",Creative Services,Outdoor,High,6,None,Internet,Medium,Video Editing Service,Creative Services,0.5,0.62
30,Female,Rural,High,"Food Delivery, Home Cleaning",Art & Craft,Home-based,Medium,6,Secondary,Internet,High,Jewelry Design,Art & Craft,0.6,0.86
45,Female,Semi-Urban,Low,"Mobile Repair, Home Cleaning, Paper Craft, Teaching",Art & Craft,Outdoor,Low,10,None,Vehicle,High,Paper Crafts,Art & Craft,0.92,0.55
41,Female,Urban,Low,"Photography, Hair Styling, Daycare Management, Embroidery",Art & Craft,Outdoor,High,7,Secondary,Phone,Low,Paper Crafts,Art & Craft,0.65,0.66
21,Female,Urban,Medium,"Baking, Poultry Care, Paper Craft, Content Creation",Apparel,Hybrid,Low,10,Secondary,Vehicle,High,Tailoring Business,Apparel,0.82,0.93
51,Female,Urban,Low,"Dairy Management, Photography",Creative Services,Outdoor,Medium,10,Secondary,Internet,Medium,Photography Studio,Creative Services,0.47,0.52
41,Female,Rural,Low,"Farming, Digital Marketing, Sewing",Technology,Outdoor,Medium,8,Primary,Internet,High,YouTube Channel,Technology,0.45,0.9
33,Female,Urban,Low,"Video Editing, Tailoring, Digital Marketing, Pickle Making",Education,Home-based,High,7,Secondary,Land,High,Home Tuition,Education,0.46,0.78
26,Female,Semi-Urban,Low,"Food Delivery, Mobile Repair",Apparel,Home-based,Medium,5,None,None,High,Embroidery Shop,Apparel,0.55,0.51
55,Female,Semi-Urban,Medium,"Poultry Care, Photography, Mushroom Cultivation, Reselling",Education,Outdoor,High,7,Secondary,None,Low,Spoken English Classes,Education,0.45,0.87
42,Female,Semi-Urban,High,"Hair Styling, Baking, Food Delivery, Pickle Making",Art & Craft,Hybrid,Low,4,Primary,None,Low,Paper Crafts,Art & Craft,0.82,0.77
37,Female,Urban,High,"Baking, Makeup, Pickle Making, Photography",Technology,Outdoor,Medium,7,None,Phone + Internet,High,YouTube Channel,Technology,0.89,0.79
49,Female,Urban,Low,"Paper Craft, Reselling, Hair Styling, Pickle Making",Domestic Services,Home-based,Medium,5,Primary,Phone,High,Home Cook,Domestic Services,0.48,0.68
36,Male,Rural,Low,"Farming, Cooking, Candle Making",Agriculture,Hybrid,High,8,Primary,Land,Low,Dairy Farming,Agriculture,0.59,0.53
47,Female,Urban,Medium,"Mushroom Cultivation, Photography, Food Delivery, Makeup",Food & Beverage,Home-based,High,7,None,Land + Vehicle,Medium,Snack Stall,Food & Beverage,0.63,0.59
22,Female,Urban,Low,"Dairy Management, Baking, Crafting, Home Cleaning",Food & Beverage,Outdoor,Low,5,Primary,None,Low,Tiffin Service,Food & Beverage,0.66,0.9
44,Female,Urban,High,"Sewing, Mobile Repair",Apparel,Hybrid,Low,4,None,Phone,Low,Fabric Painting,Apparel,0.85,0.63
55,Male,Semi-Urban,Low,"Digital Marketing, Food Delivery",Agriculture,Home-based,Medium,2,Primary,Phone,Medium,Mushroom Cultivation,Agriculture,0.59,0.75
46,Male,Rural,Medium,"Photography, Reselling",Apparel,Home-based,High,9,Secondary,Land + Vehicle,Low,Embroidery Shop,Apparel,0.9,0.62
49,Female,Urban,Low,"Video Editing, Dairy Management, Reselling",Beauty,Outdoor,High,2,Primary,Land,High,Mehendi Services,Beauty,0.76,0.94
23,Female,Urban,Low,"Content Creation, Video Editing, Teaching",Agriculture,Home-based,Low,5,None,Phone + Internet,Medium,Dairy Farming,Agriculture,0.83,0.5
18,Female,Urban,Low,"Video Editing, Pickle Making, Paper Craft, Reselling",Agriculture,Home-based,Medium,5,Primary,Phone,Low,Poultry Business,Agriculture,0.61,0.94
27,Female,Rural,Low,"Pickle Making, Paper Craft",Domestic Services,Hybrid,Medium,4,Primary,Land + Vehicle,Medium,Babysitting,Domestic Services,0.83,0.72
41,Female,Rural,Medium,"Pickle Making, Digital Marketing, Teaching",E-commerce,Hybrid,Low,2,Secondary,Land,Medium,Handmade Products Store,E-commerce,0.74,0.89
23,Female,Semi-Urban,Low,"Reselling, Digital Marketing",Education,Outdoor,Medium,6,Primary,Land,Medium,Daycare Center,Education,0.93,0.57
33,Male,Semi-Urban,Low,"Dairy Management, Hair Styling, Daycare Management, Sewing",Beauty,Outdoor,Medium,7,Secondary,None,High,Home Salon,Beauty,0.62,0.71
30,Female,Urban,Medium,"Sewing, Pickle Making, Daycare Management, Dairy Management",E-commerce,Outdoor,Medium,4,None,Land,Medium,Handmade Products Store,E-commerce,0.74,0.57
36,Female,Urban,High,"Paper Craft, Dairy Management, Poultry Care",Food & Beverage,Outdoor,Low,9,Secondary,Phone,Low,Homemade Pickles,Food & Beverage,0.47,0.75
43,Female,Urban,High,"Content Creation, Home Cleaning, Paper Craft",Creative Services,Home-based,Low,3,None,Land + Vehicle,Medium,Photography Studio,Creative Services,0.41,0.72
41,Female,Semi-Urban,Medium,"Dairy Management, Hair Styling, Food Delivery",Education,Hybrid,Medium,10,None,Internet,Medium,Daycare Center,Education,0.73,0.5
48,Female,Urban,Low,"Cooking, Candle Making, Crafting",Agriculture,Hybrid,Low,5,Primary,Phone + Internet,Low,Poultry Business,Agriculture,0.65,0.88
43,Female,Semi-Urban,Low,"Daycare Management, Mushroom Cultivation",Agriculture,Outdoor,High,5,None,Phone + Internet,Medium,Dairy Farming,Agriculture,0.52,0.94
29,Female,Urban,Low,"Hair Styling, Reselling, Crafting, Mobile Repair",Technology,Home-based,Low,10,Primary,Vehicle,Low,Digital Marketing Agency,Technology,0.85,0.6
40,Female,Urban,Low,"Hair Styling, Home Cleaning",Agriculture,Home-based,Medium,8,Primary,Vehicle,Medium,Dairy Farming,Agriculture,0.56,0.67
44,Male,Rural,Medium,"Mobile Repair, Embroidery, Food Delivery",Technology,Outdoor,Low,5,None,Internet,Medium,Digital Marketing Agency,Technology,0.6,0.68
44,Female,Urban,Medium,"Tailoring, Food Delivery",Creative Services,Home-based,Medium,9,Secondary,Phone,Low,Content Creation Agency,Creative Services,0.73,0.87
30,Female,Rural,Medium,"Hair Styling, Crafting, Mobile Repair",Agriculture,Outdoor,Medium,3,None,Phone + Internet,Low,Dairy Farming,Agriculture,0.52,0.92
36,Male,Rural,Low,"Paper Craft, Makeup",Beauty,Home-based,Medium,4,None,Vehicle,Low,Home Salon,Beauty,0.43,0.95
21,Female,Rural,Low,"Video Editing, Photography, Home Cleaning, Embroidery",Technology,Home-based,High,4,Primary,Phone,High,Mobile Repair Shop,Technology,0.54,0.6
24,Female,Rural,Low,"Embroidery, Teaching, Digital Marketing, Hair Styling",Technology,Outdoor,Low,10,None,Phone,High,Digital Marketing Agency,Technology,0.41,0.7
39,Female,Urban,High,"Tailoring, Daycare Management, Mushroom Cultivation, Baking",Beauty,Hybrid,High,5,Secondary,Phone,High,Home Salon,Beauty,0.83,1.0
41,Female,Urban,Low,"Poultry Care, Reselling, Home Cleaning",Beauty,Hybrid,Medium,9,Secondary,Vehicle,High,Mehendi Services,Beauty,0.81,0.84
50,Female,Urban,High,"Video Editing, Food Delivery",E-commerce,Outdoor,Low,6,Secondary,Phone,High,Handmade Products Store,E-commerce,0.81,0.76
32,Female,Urban,Low,"Baking, Photography, Content Creation",Food & Beverage,Outdoor,Medium,4,None,Land,High,Homemade Pickles,Food & Beverage,0.49,0.54
49,Female,Semi-Urban,Medium,"Photography, Content Creation, Dairy Management, Makeup",Food & Beverage,Outdoor,High,4,None,Vehicle,Low,Tiffin Service,Food & Beverage,0.63,1.0
24,Female,Semi-Urban,Low,"Candle Making, Paper Craft",Domestic Services,Hybrid,Medium,8,Secondary,Vehicle,High,Cleaning Services,Domestic Services,0.49,0.78
37,Male,Rural,Medium,"Daycare Management, Hair Styling, Teaching",Apparel,Home-based,High,8,Secondary,Phone,High,Fabric Painting,Apparel,0.81,0.57
18,Female,Semi-Urban,Low,"Mobile Repair, Mushroom Cultivation, Video Editing",E-commerce,Outdoor,Low,6,None,Land + Vehicle,Low,Online Reselling,E-commerce,0.92,0.76
37,Male,Urban,Low,"Home Cleaning, Paper Craft, Embroidery, Daycare Management",E-commerce,Home-based,Low,7,None,Phone + Internet,Low,Handmade Products Store,E-commerce,0.89,0.82
38,Male,Urban,Low,"Home Cleaning, Video Editing, Embroidery",E-commerce,Home-based,Medium,8,Primary,Land + Vehicle,Medium,Dropshipping,E-commerce,0.6,0.54
42,Female,Semi-Urban,High,"Cooking, Poultry Care",Art & Craft,Home-based,High,5,Primary,Phone + Internet,Low,Candle Making,Art & Craft,0.66,0.81
54,Female,Rural,Low,"Candle Making, Makeup, Daycare Management",Food & Beverage,Hybrid,Medium,5,None,Vehicle,Medium,Snack Stall,Food & Beverage,0.82,0.96
42,Female,Rural,Medium,"Crafting, Embroidery, Content Creation",Agriculture,Hybrid,High,4,None,Land,High,Dairy Farming,Agriculture,0.67,0.51
31,Female,Semi-Urban,Low,"Home Cleaning, Cooking",Apparel,Outdoor,Low,4,None,Land + Vehicle,Medium,Tailoring Business,Apparel,0.59,0.51
34,Male,Rural,Low,"Makeup, Embroidery",Art & Craft,Hybrid,Low,10,None,None,High,Jewelry Design,Art & Craft,0.79,0.74
40,Male,Rural,Medium,"Sewing, Candle Making, Baking",Beauty,Outdoor,High,7,None,Vehicle,Low,Home Salon,Beauty,0.75,0.61
26,Female,Urban,Medium,"Mobile Repair, Home Cleaning",Education,Hybrid,Low,6,None,Phone,Low,Daycare Center,Education,0.8,0.74
40,Male,Rural,Medium,"Farming, Cooking",Technology,Hybrid,High,4,Primary,Vehicle,Medium,Digital Marketing Agency,Technology,0.92,0.71
44,Female,Rural,Medium,"Food Delivery, Mushroom Cultivation, Mobile Repair",Agriculture,Home-based,Low,2,Secondary,Phone + Internet,Low,Dairy Farming,Agriculture,0.67,0.55
42,Female,Urban,Low,"Cooking, Daycare Management, Home Cleaning, Digital Marketing",Apparel,Outdoor,High,10,None,Land + Vehicle,High,Embroidery Shop,Apparel,0.92,0.73
38,Male,Rural,Low,"Food Delivery, Pickle Making, Makeup",Food & Beverage,Home-based,High,4,None,Phone + Internet,High,Snack Stall,Food & Beverage,0.71,0.53
32,Female,Rural,Low,"Makeup, Dairy Management, Candle Making, Mushroom Cultivation",Food & Beverage,Hybrid,Low,2,Primary,Land + Vehicle,High,Homemade Pickles,Food & Beverage,0.86,0.92
24,Female,Semi-Urban,High,"Photography, Embroidery, Content Creation, Tailoring",Beauty,Home-based,Medium,5,Primary,Phone,Medium,Mehendi Services,Beauty,0.6,0.77
26,Female,Urban,Low,"Home Cleaning, Poultry Care, Video Editing",Art & Craft,Hybrid,Medium,7,Primary,Phone,Medium,Jewelry Design,Art & Craft,0.43,0.94
52,Male,Rural,Medium,"Pickle Making, Digital Marketing",E-commerce,Outdoor,Low,8,Primary,None,Medium,Online Reselling,E-commerce,0.8,0.79
49,Female,Rural,Low,"Embroidery, Mobile Repair",Food & Beverage,Hybrid,High,7,Primary,Phone + Internet,High,Tiffin Service,Food & Beverage,0.47,0.85
35,Female,Urban,Low,"Paper Craft, Cooking, Video Editing, Farming",E-commerce,Hybrid,High,7,None,None,Low,Dropshipping,E-commerce,0.58,0.52
48,Female,Semi-Urban,Medium,"Reselling, Cooking, Pickle Making, Home Cleaning",Education,Hybrid,High,9,None,Phone,Low,Home Tuition,Education,0.61,0.62
21,Male,Urban,Medium,"Embroidery, Paper Craft",Education,Hybrid,Medium,3,None,Phone + Internet,Medium,Spoken English Classes,Education,0.94,0.94
43,Female,Rural,Low,"Digital Marketing, Poultry Care",Technology,Outdoor,Low,2,Secondary,Internet,High,Digital Marketing Agency,Technology,0.86,0.96
36,Female,Urban,High,"Poultry Care, Digital Marketing",Domestic Services,Hybrid,Medium,8,Primary,Internet,High,Babysitting,Domestic Services,0.58,0.57
39,Female,Rural,Low,"Cooking, Crafting, Baking",Education,Home-based,Medium,10,None,None,Low,Spoken English Classes,Education,0.8,0.83
40,Female,Semi-Urban,Medium,"Daycare Management, Mobile Repair",Domestic Services,Hybrid,Medium,3,Primary,Phone + Internet,Medium,Babysitting,Domestic Services,0.94,0.7
45,Female,Urban,Medium,"Paper Craft, Poultry Care",Agriculture,Home-based,Low,6,Primary,Phone,High,Poultry Business,Agriculture,0.43,0.56
42,Female,Semi-Urban,Medium,"Embroidery, Pickle Making",Beauty,Home-based,Low,5,None,Land,High,Mehendi Services,Beauty,0.77,0.87
46,Female,Rural,Low,"Teaching, Reselling, Embroidery",Apparel,Home-based,High,7,Secondary,Phone,Medium,Embroidery Shop,Apparel,0.48,0.53
23,Female,Urban,Low,"Candle Making, Pickle Making",Creative Services,Hybrid,Low,10,Primary,Phone,Low,Photography Studio,Creative Services,0.65,0.63
52,Female,Rural,Low,"Crafting, Mobile Repair",Food & Beverage,Hybrid,High,10,Primary,Land + Vehicle,Medium,Spice Mixing,Food & Beverage,0.69,0.93
23,Male,Rural,Low,"Crafting, Daycare Management, Pickle Making",Domestic Services,Home-based,Medium,9,None,None,High,Cleaning Services,Domestic Services,0.49,0.83
32,Female,Semi-Urban,Low,"Pickle Making, Home Cleaning, Daycare Management",E-commerce,Hybrid,High,4,Secondary,Land,Low,Handmade Products Store,E-commerce,0.75,0.98
28,Male,Rural,Low,"Pickle Making, Reselling, Food Delivery, Mushroom Cultivation",E-commerce,Hybrid,Low,5,None,Land,Low,Handmade Products Store,E-commerce,0.46,0.5
20,Female,Rural,High,"Baking, Mobile Repair",Agriculture,Outdoor,Medium,3,Secondary,Vehicle,Medium,Poultry Business,Agriculture,0.95,0.52
24,Female,Urban,Medium,"Mobile Repair, Reselling, Video Editing, Baking",Education,Home-based,High,3,Primary,Phone,High,Home Tuition,Education,0.45,0.59
54,Female,Rural,High,"Video Editing, Baking",E-commerce,Outdoor,High,4,None,Phone + Internet,Medium,Online Reselling,E-commerce,0.66,0.61
33,Female,Urban,Low,"Home Cleaning, Tailoring, Photography",Agriculture,Hybrid,High,2,Secondary,Internet,Medium,Poultry Business,Agriculture,0.57,0.91
33,Female,Rural,Low,"Sewing, Mobile Repair, Cooking",Education,Home-based,Low,5,Primary,Vehicle,Medium,Daycare Center,Education,0.86,0.52
31,Female,Rural,Low,"Candle Making, Video Editing, Hair Styling, Baking",E-commerce,Home-based,Low,9,Primary,Phone + Internet,Low,Dropshipping,E-commerce,0.64,0.95
39,Female,Semi-Urban,Medium,"Photography, Dairy Management, Candle Making",Technology,Outdoor,High,9,None,Vehicle,High,YouTube Channel,Technology,0.73,0.67
23,Female,Semi-Urban,High,"Teaching, Pickle Making, Daycare Management",Agriculture,Home-based,Low,2,None,Internet,Medium,Dairy Farming,Agriculture,0.89,0.86
34,Female,Semi-Urban,High,"Cooking, Poultry Care",Creative Services,Hybrid,Low,5,Secondary,Internet,High,Video Editing Service,Creative Services,0.67,0.67
49,Female,Rural,Medium,"Crafting, Candle Making",Domestic Services,Home-based,High,10,Secondary,None,High,Home Cook,Domestic Services,0.89,0.71
55,Female,Rural,Low,"Makeup, Paper Craft",Creative Services,Home-based,High,10,None,Phone,Medium,Photography Studio,Creative Services,0.68,0.98
52,Female,Urban,Low,"Teaching, Mobile Repair, Daycare Management, Pickle Making",Art & Craft,Outdoor,High,6,Primary,Internet,High,Paper Crafts,Art & Craft,0.63,0.59
36,Male,Rural,Low,"Content Creation, Daycare Management",Apparel,Outdoor,Medium,3,Secondary,Phone,High,Fabric Painting,Apparel,0.68,0.84
37,Female,Rural,Low,"Cooking, Candle Making, Embroidery",Art & Craft,Home-based,Low,6,Primary,Land,High,Paper Crafts,Art & Craft,0.89,0.95
48,Female,Rural,Low,"Photography, Home Cleaning, Digital Marketing",Agriculture,Home-based,Medium,8,Secondary,Phone,Low,Mushroom Cultivation,Agriculture,0.75,0.97
38,Female,Rural,Low,"Cooking, Hair Styling",Food & Beverage,Hybrid,High,3,None,Phone + Internet,High,Snack Stall,Food & Beverage,0.87,0.9
47,Female,Semi-Urban,Low,"Hair Styling, Digital Marketing, Embroidery, Pickle Making",Education,Home-based,Low,8,Primary,Land + Vehicle,Low,Daycare Center,Education,0.65,0.81
44,Female,Rural,High,"Digital Marketing, Crafting, Baking",Food & Beverage,Hybrid,Low,5,None,Phone + Internet,Low,Homemade Pickles,Food & Beverage,0.86,0.57
28,Female,Semi-Urban,Low,"Poultry Care, Embroidery, Digital Marketing",Domestic Services,Outdoor,Low,3,Primary,None,Low,Cleaning Services,Domestic Services,0.52,0.69
50,Male,Urban,Low,"Dairy Management, Video Editing",Food & Beverage,Home-based,Low,6,Primary,Land,Medium,Tiffin Service,Food & Beverage,0.43,0.89
24,Female,Rural,Low,"Crafting, Reselling, Content Creation",Beauty,Home-based,Medium,3,Primary,Land,High,Mehendi Services,Beauty,0.82,0.72
51,Male,Semi-Urban,Medium,"Pickle Making, Content Creation, Tailoring, Paper Craft",Creative Services,Hybrid,Medium,7,Primary,None,Medium,Content Creation Agency,Creative Services,0.89,0.92
20,Male,Rural,Low,"Dairy Management, Food Delivery, Daycare Management, Tailoring",Domestic Services,Home-based,High,3,None,Vehicle,High,Babysitting,Domestic Services,0.62,0.82
35,Female,Semi-Urban,Low,"Pickle Making, Embroidery, Tailoring, Makeup",E-commerce,Home-based,Low,8,Secondary,Internet,Medium,Online Reselling,E-commerce,0.65,0.68
41,Female,Semi-Urban,Low,"Sewing, Video Editing, Digital Marketing",Beauty,Hybrid,Medium,7,Secondary,Phone + Internet,Low,Mehendi Services,Beauty,0.86,0.97
41,Female,Rural,Medium,"Food Delivery, Hair Styling, Farming",Technology,Outdoor,Low,9,Secondary,Land,Medium,Digital Marketing Agency,Technology,0.62,0.58
41,Male,Urban,Low,"Farming, Pickle Making, Cooking",Agriculture,Outdoor,Medium,2,Secondary,Land + Vehicle,Low,Dairy Farming,Agriculture,0.65,0.8
28,Female,Semi-Urban,Low,"Home Cleaning, Farming, Baking, Food Delivery",Food & Beverage,Outdoor,Medium,6,None,Phone,Low,Spice Mixing,Food & Beverage,0.47,0.55
23,Female,Rural,High,"Candle Making, Farming",Education,Home-based,High,9,Primary,Land + Vehicle,Low,Spoken English Classes,Education,0.88,0.72
18,Female,Rural,Low,"Farming, Hair Styling",Creative Services,Hybrid,Medium,7,None,Land,Medium,Video Editing Service,Creative Services,0.7,0.94
41,Female,Semi-Urban,Low,"Baking, Home Cleaning, Cooking",Creative Services,Outdoor,Medium,5,Secondary,Phone + Internet,Low,Video Editing Service,Creative Services,0.59,0.75
28,Male,Urban,Low,"Digital Marketing, Crafting, Daycare Management",Food & Beverage,Home-based,Low,6,Primary,Phone + Internet,Medium,Homemade Pickles,Food & Beverage,0.63,0.53
45,Female,Urban,Medium,"Dairy Management, Paper Craft",Beauty,Home-based,High,6,Secondary,Land,Medium,Mehendi Services,Beauty,0.77,0.69
55,Female,Semi-Urban,High,"Mushroom Cultivation, Video Editing, Photography",Food & Beverage,Hybrid,Medium,4,None,Phone,Low,Spice Mixing,Food & Beverage,0.57,0.91
24,Female,Rural,High,"Candle Making, Embroidery, Crafting, Home Cleaning",Apparel,Home-based,High,10,Primary,Internet,Medium,Fabric Painting,Apparel,0.69,0.82
36,Female,Rural,Low,"Mushroom Cultivation, Poultry Care, Video Editing, Cooking",Apparel,Outdoor,Low,9,Primary,Vehicle,Low,Tailoring Business,Apparel,0.61,0.61
39,Female,Rural,Low,"Baking, Teaching, Dairy Management",Agriculture,Outdoor,Low,5,Primary,Land + Vehicle,Medium,Dairy Farming,Agriculture,0.84,0.96
33,Male,Urban,Low,"Farming, Video Editing, Cooking",Art & Craft,Home-based,Medium,5,Secondary,Land + Vehicle,High,Jewelry Design,Art & Craft,0.48,0.62
46,Female,Rural,High,"Hair Styling, Cooking, Reselling",E-commerce,Hybrid,Medium,10,Secondary,Phone + Internet,High,Dropshipping,E-commerce,0.57,0.58
23,Female,Urban,Low,"Crafting, Teaching, Tailoring, Embroidery",Food & Beverage,Outdoor,High,10,Primary,Phone,Low,Tiffin Service,Food & Beverage,0.64,0.9
31,Female,Semi-Urban,Low,"Digital Marketing, Candle Making, Photography, Embroidery",Education,Hybrid,High,5,None,Land,Medium,Daycare Center,Education,0.95,0.62
20,Female,Rural,Medium,"Digital Marketing, Home Cleaning, Embroidery, Makeup",Food & Beverage,Outdoor,High,2,Secondary,Internet,High,Homemade Pickles,Food & Beverage,0.87,0.98
41,Female,Urban,Low,"Video Editing, Teaching, Candle Making, Photography",Education,Hybrid,Low,10,Primary,Internet,Low,Home Tuition,Education,0.9,0.81
27,Male,Semi-Urban,Low,"Home Cleaning, Photography, Crafting",E-commerce,Home-based,High,9,Primary,None,High,Handmade Products Store,E-commerce,0.5,0.91
28,Female,Semi-Urban,Low,"Home Cleaning, Paper Craft, Dairy Management",Education,Outdoor,Low,3,None,Vehicle,Low,Daycare Center,Education,0.63,0.61
41,Male,Rural,Low,"Reselling, Embroidery, Sewing, Pickle Making",Apparel,Home-based,Medium,8,Secondary,Land + Vehicle,High,Tailoring Business,Apparel,0.61,0.94
26,Female,Rural,Low,"Home Cleaning, Reselling, Content Creation, Digital Marketing",E-commerce,Hybrid,Low,8,Primary,None,Medium,Dropshipping,E-commerce,0.71,0.62
27,Female,Semi-Urban,Low,"Video Editing, Mushroom Cultivation, Tailoring, Reselling",Creative Services,Home-based,Medium,2,Secondary,None,High,Photography Studio,Creative Services,0.92,0.99
43,Female,Semi-Urban,Low,"Crafting, Digital Marketing",Agriculture,Hybrid,Medium,5,Secondary,Vehicle,Low,Mushroom Cultivation,Agriculture,0.82,0.7
18,Female,Urban,Low,"Cooking, Daycare Management, Pickle Making, Photography",Apparel,Hybrid,Medium,4,Primary,Internet,Medium,Fabric Painting,Apparel,0.59,0.79
27,Female,Urban,Low,"Tailoring, Home Cleaning, Video Editing, Baking",Creative Services,Hybrid,Low,9,None,Land,High,Content Creation Agency,Creative Services,0.47,0.74
20,Male,Urban,Low,"Tailoring, Teaching, Food Delivery, Candle Making",Creative Services,Hybrid,Medium,7,Primary,None,High,Video Editing Service,Creative Services,0.45,0.91
45,Female,Semi-Urban,Low,"Mobile Repair, Home Cleaning, Sewing, Tailoring",Technology,Home-based,Low,7,Primary,Land,High,Mobile Repair Shop,Technology,0.76,0.99
22,Female,Rural,Medium,"Video Editing, Food Delivery",Technology,Outdoor,Low,3,None,Vehicle,Medium,Digital Marketing Agency,Technology,0.94,0.73
55,Female,Semi-Urban,Medium,"Candle Making, Content Creation, Farming, Paper Craft",Apparel,Home-based,High,6,None,Vehicle,Medium,Fabric Painting,Apparel,0.78,0.82
41,Female,Urban,Medium,"Daycare Management, Hair Styling",Technology,Home-based,High,3,Secondary,None,Low,Digital Marketing Agency,Technology,0.43,0.74
44,Female,Rural,Low,"Pickle Making, Paper Craft",Education,Hybrid,Low,5,None,Land + Vehicle,High,Home Tuition,Education,0.46,0.81
34,Female,Rural,Low,"Cooking, Photography",Domestic Services,Home-based,High,4,Primary,Land,Low,Cleaning Services,Domestic Services,0.76,0.5
50,Male,Urban,Low,"Photography, Candle Making, Teaching, Embroidery",E-commerce,Home-based,Low,5,Primary,Land,High,Online Reselling,E-commerce,0.57,0.84
28,Female,Semi-Urban,Low,"Food Delivery, Home Cleaning",Domestic Services,Home-based,Medium,8,Secondary,Internet,Medium,Babysitting,Domestic Services,0.9,0.69
27,Female,Semi-Urban,Low,"Dairy Management, Food Delivery, Reselling, Teaching",Domestic Services,Home-based,Low,4,Secondary,Land + Vehicle,Medium,Cleaning Services,Domestic Services,0.72,0.68
48,Female,Rural,Medium,"Crafting, Pickle Making, Embroidery",Apparel,Hybrid,Medium,10,None,Phone,High,Embroidery Shop,Apparel,0.75,0.68
35,Female,Semi-Urban,Medium,"Home Cleaning, Candle Making, Mushroom Cultivation",Apparel,Outdoor,Low,6,Secondary,Vehicle,Medium,Embroidery Shop,Apparel,0.47,0.8
36,Male,Rural,Low,"Pickle Making, Video Editing",Domestic Services,Outdoor,Low,3,None,Land,High,Cleaning Services,Domestic Services,0.51,0.74
55,Female,Rural,Low,"Makeup, Pickle Making, Digital Marketing",Beauty,Hybrid,High,6,None,Phone,Medium,Mehendi Services,Beauty,0.64,0.72
18,Female,Semi-Urban,Low,"Mobile Repair, Sewing, Baking, Home Cleaning",Food & Beverage,Hybrid,Medium,4,None,Phone,Medium,Homemade Pickles,Food & Beverage,0.51,0.91
46,Female,Rural,Medium,"Baking, Mobile Repair",Apparel,Hybrid,High,10,None,Land,Low,Embroidery Shop,Apparel,0.59,0.78
30,Male,Rural,Low,"Reselling, Content Creation, Poultry Care",Beauty,Home-based,Low,2,Secondary,Phone,High,Skincare Product Making,Beauty,0.64,0.95
34,Female,Rural,Low,"Cooking, Crafting, Makeup, Hair Styling",Education,Home-based,High,2,Primary,Land,High,Daycare Center,Education,0.43,0.85
32,Male,Rural,Low,"Photography, Mobile Repair, Candle Making",Agriculture,Hybrid,Low,4,None,Phone + Internet,Medium,Poultry Business,Agriculture,0.41,0.52
44,Female,Semi-Urban,High,"Photography, Home Cleaning, Teaching",Art & Craft,Home-based,Low,7,None,Internet,Low,Paper Crafts,Art & Craft,0.43,0.62
53,Female,Urban,Medium,"Mobile Repair, Dairy Management",Technology,Outdoor,Medium,8,Secondary,Internet,High,YouTube Channel,Technology,0.68,0.97
34,Male,Urban,Low,"Baking, Photography",E-commerce,Outdoor,High,7,Secondary,Phone,Low,Dropshipping,E-commerce,0.89,0.81
42,Male,Urban,Low,"Candle Making, Makeup, Embroidery, Food Delivery",Art & Craft,Home-based,Medium,9,None,Land + Vehicle,Medium,Jewelry Design,Art & Craft,0.41,0.62
22,Female,Urban,Medium,"Crafting, Reselling, Farming",Technology,Outdoor,Low,10,Secondary,Land + Vehicle,Medium,Digital Marketing Agency,Technology,0.81,0.71
42,Female,Urban,Medium,"Farming, Dairy Management, Cooking",Education,Outdoor,Low,9,None,None,Medium,Home Tuition,Education,0.87,0.88
39,Female,Rural,Low,"Mobile Repair, Candle Making, Hair Styling",Agriculture,Home-based,High,2,Secondary,Land,Low,Poultry Business,Agriculture,0.64,0.76
41,Female,Semi-Urban,High,"Food Delivery, Paper Craft, Embroidery, Home Cleaning",Food & Beverage,Home-based,High,4,None,Land + Vehicle,Medium,Homemade Pickles,Food & Beverage,0.41,0.9
22,Female,Rural,High,"Daycare Management, Photography, Sewing, Poultry Care",E-commerce,Hybrid,Low,5,Primary,Land,Low,Dropshipping,E-commerce,0.7,0.67
46,Female,Semi-Urban,Low,"Cooking, Content Creation, Tailoring, Mobile Repair",E-commerce,Hybrid,Low,2,Primary,Land + Vehicle,High,Dropshipping,E-commerce,0.83,0.68
29,Female,Rural,Low,"Food Delivery, Reselling, Teaching, Embroidery",Technology,Home-based,High,2,Secondary,Phone + Internet,High,Digital Marketing Agency,Technology,0.54,0.6
50,Female,Rural,Low,"Paper Craft, Content Creation, Sewing",Technology,Outdoor,Low,8,Primary,Phone,Medium,Mobile Repair Shop,Technology,0.53,0.74
38,Female,Urban,High,"Makeup, Daycare Management, Poultry Care",Domestic Services,Outdoor,Medium,6,Secondary,Land,High,Cleaning Services,Domestic Services,0.81,0.82
51,Male,Rural,Low,"Poultry Care, Paper Craft, Mobile Repair, Digital Marketing",Creative Services,Outdoor,Medium,4,Secondary,Phone + Internet,Medium,Content Creation Agency,Creative Services,0.89,0.64
51,Female,Urban,Low,"Crafting, Cooking, Poultry Care, Farming",Art & Craft,Hybrid,Low,4,Secondary,Land + Vehicle,High,Paper Crafts,Art & Craft,0.89,0.71
36,Male,Rural,Low,"Video Editing, Reselling",E-commerce,Hybrid,High,4,Primary,Land,Medium,Online Reselling,E-commerce,0.89,0.83
54,Female,Urban,Low,"Video Editing, Crafting",Creative Services,Outdoor,Low,5,None,Phone,High,Content Creation Agency,Creative Services,0.56,0.58
18,Female,Urban,Low,"Cooking, Candle Making, Hair Styling, Farming",Food & Beverage,Outdoor,High,5,Primary,Phone + Internet,Medium,Tiffin Service,Food & Beverage,0.72,0.53
18,Male,Urban,Low,"Embroidery, Candle Making, Hair Styling, Crafting",Art & Craft,Outdoor,Medium,10,Primary,Phone,High,Jewelry Design,Art & Craft,0.45,0.9
46,Female,Rural,Low,"Dairy Management, Mushroom Cultivation",Education,Hybrid,Low,7,None,Land + Vehicle,Medium,Home Tuition,Education,0.95,0.9
45,Female,Rural,Medium,"Tailoring, Embroidery",E-commerce,Hybrid,Medium,4,Secondary,Land + Vehicle,Low,Dropshipping,E-commerce,0.75,0.65
28,Female,Rural,Medium,"Hair Styling, Tailoring, Baking, Food Delivery",Domestic Services,Hybrid,Medium,3,Secondary,Land + Vehicle,Low,Home Cook,Domestic Services,0.7,0.72
40,Female,Rural,Low,"Photography, Video Editing, Paper Craft, Baking",Domestic Services,Hybrid,Medium,2,Secondary,Internet,Medium,Cleaning Services,Domestic Services,0.56,0.93
51,Male,Rural,Medium,"Hair Styling, Teaching, Cooking",Technology,Home-based,High,3,Primary,None,High,Mobile Repair Shop,Technology,0.68,0.59
22,Female,Urban,Low,"Photography, Cooking, Poultry Care, Mushroom Cultivation",Art & Craft,Hybrid,Low,10,None,Internet,High,Paper Crafts,Art & Craft,0.64,0.94
47,Female,Urban,Medium,"Teaching, Content Creation, Poultry Care, Food Delivery",E-commerce,Hybrid,Medium,3,None,Land + Vehicle,High,Dropshipping,E-commerce,0.66,0.95
46,Female,Urban,Low,"Food Delivery, Crafting, Digital Marketing",Apparel,Outdoor,Low,10,Primary,Internet,High,Embroidery Shop,Apparel,0.4,0.88
20,Female,Rural,Low,"Candle Making, Daycare Management, Tailoring",E-commerce,Home-based,Low,6,Secondary,Land,High,Dropshipping,E-commerce,0.94,0.9
50,Female,Urban,Medium,"Content Creation, Crafting, Sewing, Food Delivery",Beauty,Hybrid,Low,10,Primary,Phone,High,Mehendi Services,Beauty,0.88,0.87
33,Female,Urban,Medium,"Cooking, Makeup, Tailoring",Food & Beverage,Outdoor,Low,4,None,Phone,Medium,Homemade Pickles,Food & Beverage,0.54,0.7
32,Female,Urban,Medium,"Dairy Management, Pickle Making",Food & Beverage,Home-based,High,5,Primary,Land,Medium,Homemade Pickles,Food & Beverage,0.9,0.67
37,Female,Urban,Low,"Video Editing, Tailoring",Domestic Services,Home-based,High,8,Primary,Phone,Medium,Home Cook,Domestic Services,0.61,0.59
40,Male,Rural,Low,"Reselling, Mobile Repair, Home Cleaning, Makeup",Education,Home-based,Medium,7,Secondary,Vehicle,Medium,Spoken English Classes,Education,0.46,0.63
38,Female,Semi-Urban,Medium,"Digital Marketing, Food Delivery",Food & Beverage,Outdoor,Medium,8,None,Vehicle,Medium,Homemade Pickles,Food & Beverage,0.91,0.84
34,Female,Semi-Urban,Medium,"Paper Craft, Candle Making",Domestic Services,Outdoor,Medium,8,None,Phone + Internet,Low,Babysitting,Domestic Services,0.48,0.57
46,Female,Urban,High,"Candle Making, Cooking",Apparel,Hybrid,Low,6,Primary,Phone + Internet,High,Embroidery Shop,Apparel,0.74,0.91
39,Male,Semi-Urban,High,"Sewing, Makeup, Photography, Daycare Management",Technology,Outdoor,Low,2,Primary,Phone,High,Mobile Repair Shop,Technology,0.68,0.96
37,Female,Urban,High,"Baking, Mushroom Cultivation, Digital Marketing",Creative Services,Home-based,Medium,10,Primary,Phone + Internet,High,Content Creation Agency,Creative Services,0.43,0.56
43,Female,Urban,Low,"Baking, Crafting, Cooking",Food & Beverage,Outdoor,High,10,None,Internet,Low,Snack Stall,Food & Beverage,0.83,0.51
28,Female,Urban,Low,"Video Editing, Photography, Sewing",Food & Beverage,Hybrid,High,6,Primary,Vehicle,Medium,Homemade Pickles,Food & Beverage,0.94,0.5
25,Female,Semi-Urban,Medium,"Cooking, Daycare Management, Poultry Care, Photography",E-commerce,Outdoor,Medium,3,Secondary,Internet,High,Handmade Products Store,E-commerce,0.85,0.82
45,Female,Rural,Low,"Candle Making, Reselling, Sewing, Poultry Care",Art & Craft,Hybrid,Medium,2,None,Land + Vehicle,Medium,Candle Making,Art & Craft,0.49,0.84
46,Female,Urban,Low,"Reselling, Home Cleaning",Education,Hybrid,High,8,None,Phone,High,Home Tuition,Education,0.81,0.93
42,Female,Rural,High,"Daycare Management, Cooking, Pickle Making",Beauty,Outdoor,Low,9,Secondary,Vehicle,High,Skincare Product Making,Beauty,0.81,0.56
44,Male,Rural,Low,"Dairy Management, Candle Making, Digital Marketing",Creative Services,Outdoor,Low,7,None,Vehicle,High,Video Editing Service,Creative Services,0.94,0.95
46,Female,Semi-Urban,Medium,"Baking, Tailoring, Farming, Crafting",Food & Beverage,Outdoor,Low,9,Primary,Land + Vehicle,Medium,Tiffin Service,Food & Beverage,0.79,0.55
42,Female,Urban,Low,"Content Creation, Dairy Management, Embroidery, Video Editing",Agriculture,Home-based,Medium,9,Secondary,Phone + Internet,Medium,Dairy Farming,Agriculture,0.62,0.86
44,Female,Urban,Medium,"Cooking, Paper Craft, Poultry Care, Hair Styling",Domestic Services,Home-based,High,6,None,Vehicle,Medium,Babysitting,Domestic Services,0.7,0.98
46,Female,Rural,Low,"Dairy Management, Cooking, Tailoring, Reselling",Creative Services,Hybrid,Medium,10,Primary,Internet,Low,Photography Studio,Creative Services,0.64,0.59
50,Male,Rural,Medium,"Digital Marketing, Food Delivery",Food & Beverage,Outdoor,High,2,Primary,Internet,Low,Tiffin Service,Food & Beverage,0.92,0.63
44,Female,Rural,Low,"Hair Styling, Crafting, Food Delivery",Agriculture,Hybrid,High,4,Primary,Phone + Internet,Medium,Dairy Farming,Agriculture,0.58,0.64
43,Female,Urban,Low,"Baking, Candle Making, Embroidery",Art & Craft,Home-based,Low,9,Primary,Vehicle,Low,Candle Making,Art & Craft,0.57,0.7
54,Female,Urban,Low,"Makeup, Digital Marketing",E-commerce,Hybrid,Low,5,None,Land + Vehicle,High,Handmade Products Store,E-commerce,0.74,0.85
32,Female,Urban,Low,"Digital Marketing, Food Delivery, Home Cleaning, Baking",Education,Home-based,Medium,3,Secondary,Land + Vehicle,Medium,Home Tuition,Education,0.71,0.83
54,Female,Semi-Urban,Low,"Poultry Care, Candle Making, Reselling",E-commerce,Home-based,High,10,None,Vehicle,High,Dropshipping,E-commerce,0.89,0.62
54,Female,Semi-Urban,Medium,"Makeup, Crafting",Food & Beverage,Home-based,Low,7,Secondary,Internet,Medium,Tiffin Service,Food & Beverage,0.82,0.66
53,Female,Rural,Low,"Hair Styling, Tailoring",Education,Outdoor,Low,7,None,Land,Low,Daycare Center,Education,0.8,0.93
43,Male,Urban,Medium,"Mobile Repair, Photography, Pickle Making",Food & Beverage,Hybrid,Medium,9,Secondary,Internet,High,Snack Stall,Food & Beverage,0.76,0.71
24,Female,Urban,Low,"Sewing, Pickle Making, Poultry Care, Crafting",Apparel,Hybrid,High,3,Secondary,Land + Vehicle,Medium,Fabric Painting,Apparel,0.59,0.59
27,Female,Semi-Urban,Low,"Sewing, Pickle Making",Education,Hybrid,High,5,Primary,Land,Low,Daycare Center,Education,0.87,0.83
50,Female,Urban,Medium,"Crafting, Digital Marketing, Cooking",Art & Craft,Hybrid,Low,5,None,Land,Medium,Jewelry Design,Art & Craft,0.73,0.84
27,Female,Semi-Urban,Low,"Home Cleaning, Embroidery, Cooking",Education,Hybrid,Low,3,None,Phone + Internet,Medium,Home Tuition,Education,0.56,0.82
21,Female,Semi-Urban,Low,"Photography, Food Delivery",Education,Home-based,High,10,None,Land,High,Daycare Center,Education,0.93,0.76
42,Female,Rural,Low,"Mushroom Cultivation, Sewing",E-commerce,Outdoor,Medium,7,None,Land,High,Dropshipping,E-commerce,0.55,0.61
31,Female,Urban,Low,"Tailoring, Home Cleaning, Candle Making",Art & Craft,Home-based,Medium,5,Primary,Phone,High,Candle Making,Art & Craft,0.51,0.92
51,Female,Urban,Low,"Mobile Repair, Farming, Hair Styling, Candle Making",E-commerce,Home-based,High,4,Secondary,Phone,Low,Handmade Products Store,E-commerce,0.73,0.55
50,Female,Rural,Low,"Food Delivery, Cooking",Domestic Services,Outdoor,High,7,Secondary,Vehicle,Low,Babysitting,Domestic Services,0.58,0.85
38,Female,Semi-Urban,Medium,"Hair Styling, Photography, Tailoring",Beauty,Outdoor,Medium,8,Secondary,Internet,Medium,Skincare Product Making,Beauty,0.82,0.66
19,Female,Semi-Urban,Low,"Tailoring, Mushroom Cultivation",E-commerce,Home-based,Low,3,None,Land,Medium,Handmade Products Store,E-commerce,0.48,0.99
32,Female,Urban,Low,"Mobile Repair, Sewing, Pickle Making",Food & Beverage,Hybrid,Low,7,None,Phone + Internet,Medium,Spice Mixing,Food & Beverage,0.41,0.84
23,Female,Semi-Urban,High,"Mobile Repair, Makeup, Content Creation, Paper Craft",Domestic Services,Home-based,Medium,6,None,Internet,High,Cleaning Services,Domestic Services,0.59,0.63
22,Male,Semi-Urban,Medium,"Pickle Making, Poultry Care",Creative Services,Outdoor,Low,10,Primary,Internet,High,Video Editing Service,Creative Services,0.84,0.62
43,Male,Urban,Low,"Mushroom Cultivation, Farming, Daycare Management",Domestic Services,Hybrid,Low,2,Primary,Internet,High,Babysitting,Domestic Services,0.91,0.57
55,Female,Semi-Urban,High,"Baking, Makeup",Technology,Home-based,Medium,2,None,Land,Low,Digital Marketing Agency,Technology,0.6,0.66
47,Female,Semi-Urban,High,"Hair Styling, Mobile Repair, Daycare Management",Technology,Hybrid,Medium,5,Primary,Vehicle,Medium,Digital Marketing Agency,Technology,0.63,0.54
26,Female,Urban,Medium,"Hair Styling, Reselling, Paper Craft",E-commerce,Outdoor,Low,7,Primary,Vehicle,High,Online Reselling,E-commerce,0.73,0.9
26,Female,Semi-Urban,Low,"Crafting, Embroidery",E-commerce,Outdoor,Medium,6,None,Vehicle,Low,Dropshipping,E-commerce,0.77,0.6
47,Male,Urban,Medium,"Farming, Sewing, Home Cleaning",Education,Hybrid,Medium,7,None,Phone + Internet,High,Home Tuition,Education,0.42,0.81
24,Female,Semi-Urban,Low,"Baking, Candle Making, Paper Craft, Tailoring",Apparel,Hybrid,High,4,Primary,Vehicle,High,Tailoring Business,Apparel,0.8,0.74
18,Female,Semi-Urban,Low,"Mobile Repair, Poultry Care, Cooking, Food Delivery",Apparel,Outdoor,Low,4,None,None,Low,Embroidery Shop,Apparel,0.56,0.51
54,Female,Urban,High,"Content Creation, Embroidery",Art & Craft,Home-based,Low,2,None,Land + Vehicle,Low,Paper Crafts,Art & Craft,0.9,0.86
46,Male,Semi-Urban,Low,"Digital Marketing, Embroidery",Creative Services,Outdoor,Medium,5,None,Land,Low,Video Editing Service,Creative Services,0.55,0.52
32,Female,Urban,Low,"Mushroom Cultivation, Farming, Paper Craft",Creative Services,Outdoor,High,4,None,None,Medium,Content Creation Agency,Creative Services,0.56,0.98
50,Female,Rural,Low,"Pickle Making, Daycare Management, Reselling, Embroidery",Domestic Services,Home-based,Medium,3,Primary,Phone,High,Home Cook,Domestic Services,0.91,0.81
32,Female,Urban,Low,"Photography, Home Cleaning, Poultry Care",Art & Craft,Outdoor,High,7,None,Phone,Medium,Paper Crafts,Art & Craft,0.81,0.9
53,Female,Rural,Low,"Farming, Dairy Management, Digital Marketing",Creative Services,Hybrid,High,6,Primary,None,High,Content Creation Agency,Creative Services,0.8,0.65
44,Female,Urban,Low,"Crafting, Poultry Care, Embroidery, Sewing",E-commerce,Home-based,Low,7,Secondary,None,Low,Online Reselling,E-commerce,0.9,0.87
55,Female,Urban,Low,"Home Cleaning, Cooking, Teaching",Apparel,Hybrid,Low,9,Secondary,Internet,High,Embroidery Shop,Apparel,0.53,0.83
41,Female,Semi-Urban,Medium,"Teaching, Dairy Management, Cooking",E-commerce,Home-based,Medium,4,Primary,Phone + Internet,Low,Handmade Products Store,E-commerce,0.51,0.93
51,Female,Semi-Urban,Medium,"Sewing, Photography",Agriculture,Home-based,Medium,6,Secondary,Internet,Medium,Poultry Business,Agriculture,0.74,0.77
52,Female,Semi-Urban,Low,"Mushroom Cultivation, Pickle Making",Technology,Home-based,Medium,10,None,Land,Medium,Digital Marketing Agency,Technology,0.72,0.63
26,Female,Rural,Low,"Baking, Mobile Repair, Embroidery, Paper Craft",Agriculture,Outdoor,Medium,6,Secondary,Phone + Internet,Low,Dairy Farming,Agriculture,0.5,0.88
34,Female,Rural,Medium,"Teaching, Paper Craft",Education,Home-based,Medium,8,None,Internet,High,Home Tuition,Education,0.69,0.81
36,Female,Urban,Low,"Video Editing, Cooking",Agriculture,Home-based,High,4,Primary,Land + Vehicle,Medium,Mushroom Cultivation,Agriculture,0.78,0.96
55,Female,Rural,Low,"Makeup, Teaching",Education,Hybrid,Low,4,Primary,Internet,Low,Home Tuition,Education,0.44,0.99
23,Female,Urban,Low,"Tailoring, Digital Marketing, Crafting",Apparel,Outdoor,Low,6,Secondary,Phone + Internet,High,Embroidery Shop,Apparel,0.72,0.89
26,Female,Semi-Urban,Medium,"Paper Craft, Baking",Domestic Services,Outdoor,Medium,4,Secondary,Internet,Low,Babysitting,Domestic Services,0.78,0.77
35,Male,Urban,Low,"Candle Making, Pickle Making, Daycare Management, Digital Marketing",Apparel,Outdoor,Medium,6,Secondary,Vehicle,Low,Embroidery Shop,Apparel,0.56,0.58
54,Female,Urban,Low,"Photography, Mushroom Cultivation, Mobile Repair",Apparel,Outdoor,High,3,Secondary,Land + Vehicle,Low,Embroidery Shop,Apparel,0.55,0.85
36,Female,Urban,Low,"Mushroom Cultivation, Food Delivery, Home Cleaning, Candle Making",Technology,Outdoor,Medium,2,Primary,None,Low,YouTube Channel,Technology,0.54,0.7
25,Female,Semi-Urban,Medium,"Mobile Repair, Pickle Making, Food Delivery",Art & Craft,Outdoor,High,7,Primary,Land + Vehicle,Medium,Candle Making,Art & Craft,0.54,0.91
36,Female,Urban,Low,"Mushroom Cultivation, Tailoring",Education,Hybrid,Medium,10,Primary,Phone + Internet,Low,Daycare Center,Education,0.55,0.97
18,Male,Semi-Urban,Medium,"Food Delivery, Video Editing, Sewing",Agriculture,Home-based,Low,3,Secondary,Land,Low,Mushroom Cultivation,Agriculture,0.44,0.62
40,Male,Urban,Low,"Digital Marketing, Farming, Reselling",Agriculture,Home-based,Medium,6,Secondary,Land + Vehicle,Low,Poultry Business,Agriculture,0.83,0.89
21,Female,Rural,Low,"Mushroom Cultivation, Photography, Content Creation, Pickle Making",Education,Home-based,Low,10,Secondary,Phone,Medium,Home Tuition,Education,0.51,0.52
26,Female,Semi-Urban,Low,"Crafting, Paper Craft",Domestic Services,Outdoor,High,7,None,Internet,Medium,Cleaning Services,Domestic Services,0.64,0.79
31,Male,Urban,Low,"Home Cleaning, Cooking, Paper Craft",Creative Services,Hybrid,Low,7,Primary,Phone,High,Photography Studio,Creative Services,0.63,0.65
29,Male,Semi-Urban,Low,"Digital Marketing, Teaching, Farming",E-commerce,Outdoor,High,6,Primary,Land,Low,Dropshipping,E-commerce,0.9,0.51
44,Female,Rural,Low,"Baking, Mobile Repair, Cooking",Education,Home-based,Medium,3,Primary,Internet,Low,Home Tuition,Education,0.7,0.54
19,Male,Urban,Low,"Hair Styling, Daycare Management, Reselling",Agriculture,Home-based,Medium,10,None,Vehicle,High,Dairy Farming,Agriculture,0.47,0.79
49,Male,Semi-Urban,Medium,"Teaching, Tailoring",Creative Services,Home-based,High,6,Secondary,Land + Vehicle,Low,Video Editing Service,Creative Services,0.71,0.9
37,Female,Rural,Medium,"Dairy Management, Makeup",Education,Hybrid,High,8,None,None,High,Home Tuition,Education,0.59,0.71
27,Female,Rural,Medium,"Digital Marketing, Tailoring, Cooking, Daycare Management",Education,Home-based,Low,3,Secondary,Phone + Internet,Medium,Spoken English Classes,Education,0.48,0.83
28,Female,Urban,Low,"Farming, Hair Styling, Content Creation",Technology,Home-based,Low,6,None,Vehicle,Medium,YouTube Channel,Technology,0.62,0.54
54,Female,Rural,Low,"Hair Styling, Video Editing, Tailoring",Education,Outdoor,Low,8,None,Phone + Internet,Low,Home Tuition,Education,0.66,0.55
34,Female,Semi-Urban,Low,"Hair Styling, Mobile Repair",Food & Beverage,Home-based,High,2,Primary,Phone + Internet,High,Spice Mixing,Food & Beverage,0.46,0.91
27,Male,Urban,Medium,"Crafting, Content Creation, Food Delivery",Agriculture,Outdoor,High,3,Primary,Land,Low,Dairy Farming,Agriculture,0.42,0.69
31,Female,Rural,Low,"Dairy Management, Reselling, Makeup",Domestic Services,Hybrid,Medium,8,Primary,Land + Vehicle,High,Cleaning Services,Domestic Services,0.9,0.83
31,Female,Urban,Low,"Home Cleaning, Crafting, Paper Craft, Pickle Making",Education,Outdoor,High,7,Secondary,Land + Vehicle,Medium,Home Tuition,Education,0.63,0.86
49,Female,Rural,Medium,"Farming, Pickle Making",Creative Services,Home-based,Medium,9,None,None,High,Video Editing Service,Creative Services,0.46,0.66
39,Female,Semi-Urban,High,"Teaching, Farming, Home Cleaning",Education,Hybrid,High,2,Primary,Vehicle,High,Daycare Center,Education,0.89,0.7
50,Female,Semi-Urban,Medium,"Farming, Food Delivery",Art & Craft,Hybrid,Low,4,Primary,Phone,Low,Candle Making,Art & Craft,0.63,0.89
31,Male,Urban,High,"Dairy Management, Photography, Embroidery, Digital Marketing",Food & Beverage,Home-based,High,9,Secondary,Land,Low,Homemade Pickles,Food & Beverage,0.72,0.85
53,Female,Semi-Urban,Low,"Embroidery, Mushroom Cultivation, Photography",Art & Craft,Outdoor,Medium,10,Secondary,None,Low,Jewelry Design,Art & Craft,0.42,0.73
46,Male,Rural,Medium,"Mushroom Cultivation, Daycare Management, Poultry Care, Content Creation",Beauty,Home-based,Medium,6,Primary,Vehicle,Low,Home Salon,Beauty,0.74,0.85
19,Female,Semi-Urban,Low,"Teaching, Mobile Repair",Education,Home-based,Low,7,Primary,Phone + Internet,High,Spoken English Classes,Education,0.79,0.83
44,Female,Rural,Low,"Embroidery, Content Creation, Sewing, Video Editing",Food & Beverage,Home-based,Medium,9,Secondary,None,Low,Spice Mixing,Food & Beverage,0.92,0.58
47,Female,Rural,Low,"Crafting, Paper Craft, Pickle Making",Apparel,Outdoor,High,4,None,Land + Vehicle,High,Embroidery Shop,Apparel,0.87,0.83
32,Female,Urban,Medium,"Teaching, Daycare Management",Food & Beverage,Hybrid,Medium,10,Primary,Vehicle,Medium,Spice Mixing,Food & Beverage,0.58,0.77
55,Female,Rural,High,"Daycare Management, Farming, Tailoring",Domestic Services,Hybrid,High,3,Primary,Internet,Medium,Babysitting,Domestic Services,0.43,0.85
23,Male,Urban,High,"Sewing, Reselling, Crafting",Apparel,Outdoor,Low,3,None,Vehicle,High,Tailoring Business,Apparel,0.58,0.83
41,Female,Semi-Urban,Medium,"Dairy Management, Daycare Management",Domestic Services,Outdoor,Medium,8,Secondary,Internet,High,Home Cook,Domestic Services,0.65,0.5
44,Female,Urban,High,"Pickle Making, Reselling, Cooking, Embroidery",Creative Services,Hybrid,High,8,None,None,Low,Photography Studio,Creative Services,0.5,0.68
22,Female,Semi-Urban,Medium,"Paper Craft, Tailoring",Education,Hybrid,High,10,None,Land + Vehicle,Low,Spoken English Classes,Education,0.49,0.67
39,Female,Rural,Medium,"Video Editing, Pickle Making, Poultry Care",Technology,Hybrid,Low,4,None,None,Medium,Digital Marketing Agency,Technology,0.58,0.75
24,Female,Rural,Low,"Crafting, Home Cleaning, Sewing",Education,Home-based,Low,6,Primary,Phone,Low,Daycare Center,Education,0.41,0.97
44,Male,Rural,Medium,"Tailoring, Pickle Making, Crafting",Domestic Services,Home-based,High,10,None,None,Medium,Cleaning Services,Domestic Services,0.83,0.96
26,Female,Semi-Urban,Low,"Farming, Food Delivery, Daycare Management",Technology,Outdoor,High,5,None,Phone + Internet,Medium,Digital Marketing Agency,Technology,0.67,0.57
51,Female,Rural,High,"Pickle Making, Poultry Care, Dairy Management, Mobile Repair",Beauty,Home-based,Low,4,Secondary,Land + Vehicle,Low,Home Salon,Beauty,0.57,0.76
27,Female,Rural,Low,"Photography, Paper Craft",Education,Hybrid,Medium,7,Secondary,Phone,Low,Daycare Center,Education,0.45,0.61
23,Female,Urban,Medium,"Photography, Embroidery, Crafting, Home Cleaning",Creative Services,Outdoor,Low,3,Primary,Phone,Medium,Video Editing Service,Creative Services,0.95,0.89
47,Female,Rural,Medium,"Tailoring, Video Editing, Daycare Management",Apparel,Home-based,Medium,7,Secondary,Phone + Internet,Medium,Fabric Painting,Apparel,0.7,0.52
45,Female,Urban,Low,"Pickle Making, Food Delivery, Digital Marketing, Poultry Care",Education,Hybrid,Medium,4,Secondary,None,Low,Daycare Center,Education,0.55,0.64
30,Female,Rural,Medium,"Food Delivery, Content Creation",Domestic Services,Hybrid,High,10,None,None,Medium,Cleaning Services,Domestic Services,0.79,0.5
53,Male,Urban,Low,"Mobile Repair, Digital Marketing",Apparel,Hybrid,Low,2,Primary,Internet,Low,Tailoring Business,Apparel,0.78,0.52
47,Female,Rural,Low,"Farming, Makeup",Domestic Services,Hybrid,High,8,None,Land,High,Cleaning Services,Domestic Services,0.51,0.75
36,Female,Urban,Low,"Candle Making, Paper Craft",Beauty,Outdoor,Low,6,Primary,Land,High,Home Salon,Beauty,0.86,0.68
50,Female,Rural,Medium,"Photography, Reselling, Tailoring",Art & Craft,Hybrid,High,3,Primary,Internet,High,Jewelry Design,Art & Craft,0.61,0.77
28,Female,Urban,Low,"Video Editing, Mushroom Cultivation, Paper Craft, Embroidery",E-commerce,Outdoor,High,7,None,Phone,High,Dropshipping,E-commerce,0.41,0.65
45,Male,Rural,Medium,"Tailoring, Reselling",Technology,Home-based,High,9,Secondary,Land,High,Digital Marketing Agency,Technology,0.67,0.77
39,Female,Urban,Low,"Pickle Making, Crafting",E-commerce,Home-based,Medium,2,Primary,Vehicle,High,Online Reselling,E-commerce,0.45,0.51
24,Female,Urban,Medium,"Digital Marketing, Candle Making, Pickle Making",Domestic Services,Outdoor,High,7,Primary,Land,Medium,Babysitting,Domestic Services,0.46,0.96
34,Female,Semi-Urban,Low,"Daycare Management, Hair Styling",E-commerce,Hybrid,Medium,3,Primary,Internet,High,Online Reselling,E-commerce,0.78,0.88
18,Female,Semi-Urban,Medium,"Crafting, Home Cleaning, Pickle Making",Apparel,Hybrid,Low,7,Primary,Land,Medium,Tailoring Business,Apparel,0.56,0.68
51,Male,Semi-Urban,Low,"Dairy Management, Digital Marketing, Poultry Care",Beauty,Home-based,Low,5,None,None,Low,Home Salon,Beauty,0.73,0.68
27,Female,Rural,Low,"Crafting, Mobile Repair, Content Creation, Photography",Food & Beverage,Outdoor,High,2,Primary,Land + Vehicle,High,Homemade Pickles,Food & Beverage,0.58,0.51
30,Female,Rural,Low,"Home Cleaning, Mushroom Cultivation, Content Creation, Photography",Technology,Home-based,Medium,2,None,None,Low,Digital Marketing Agency,Technology,0.64,0.96
44,Male,Rural,Medium,"Mushroom Cultivation, Food Delivery, Home Cleaning, Hair Styling",Education,Hybrid,Medium,2,Primary,Phone + Internet,Low,Home Tuition,Education,0.82,0.52
53,Female,Rural,Low,"Photography, Crafting",Art & Craft,Outdoor,Low,8,Secondary,Phone + Internet,Medium,Paper Crafts,Art & Craft,0.65,0.6
54,Male,Rural,Medium,"Pickle Making, Photography, Hair Styling, Video Editing",Apparel,Outdoor,Low,2,Primary,Vehicle,Low,Embroidery Shop,Apparel,0.56,0.65
39,Female,Urban,Low,"Mobile Repair, Dairy Management",Education,Home-based,Medium,8,Secondary,Land + Vehicle,Medium,Spoken English Classes,Education,0.66,0.66
49,Female,Semi-Urban,Low,"Mobile Repair, Tailoring, Cooking, Video Editing",Food & Beverage,Outdoor,Medium,7,None,Phone + Internet,Low,Snack Stall,Food & Beverage,0.42,0.83
28,Female,Semi-Urban,High,"Food Delivery, Cooking, Mushroom Cultivation",Beauty,Outdoor,Medium,7,Secondary,Internet,Medium,Home Salon,Beauty,0.71,0.6
25,Male,Rural,Low,"Photography, Poultry Care",Food & Beverage,Home-based,Medium,2,Secondary,Land,High,Spice Mixing,Food & Beverage,0.67,0.75
37,Female,Urban,Low,"Food Delivery, Poultry Care, Pickle Making, Digital Marketing",Education,Hybrid,Low,8,None,Land + Vehicle,High,Daycare Center,Education,0.41,0.85
23,Male,Rural,Low,"Teaching, Cooking, Farming, Mushroom Cultivation",Domestic Services,Outdoor,High,9,None,Land + Vehicle,High,Cleaning Services,Domestic Services,0.89,0.8
34,Female,Rural,Low,"Home Cleaning, Baking",Agriculture,Outdoor,Low,3,Secondary,Internet,Low,Dairy Farming,Agriculture,0.69,0.7
42,Female,Urban,Low,"Content Creation, Daycare Management, Pickle Making",Technology,Home-based,Medium,8,Secondary,Phone + Internet,Medium,YouTube Channel,Technology,0.86,0.86
25,Male,Rural,Medium,"Food Delivery, Home Cleaning, Hair Styling, Digital Marketing",Creative Services,Hybrid,Low,9,None,None,Medium,Content Creation Agency,Creative Services,0.84,0.7
35,Female,Semi-Urban,High,"Reselling, Crafting",Beauty,Outdoor,Medium,10,None,Phone + Internet,Low,Mehendi Services,Beauty,0.7,0.57
23,Male,Urban,Low,"Teaching, Makeup",Beauty,Outdoor,Medium,7,Secondary,Phone + Internet,Low,Mehendi Services,Beauty,0.44,0.88
31,Female,Semi-Urban,Low,"Teaching, Reselling",Domestic Services,Hybrid,Medium,8,None,Land,Medium,Cleaning Services,Domestic Services,0.46,0.83
49,Female,Rural,Medium,"Dairy Management, Hair Styling, Photography",Technology,Home-based,High,10,Secondary,Internet,Medium,Digital Marketing Agency,Technology,0.44,0.52
19,Female,Urban,Low,"Embroidery, Paper Craft, Mushroom Cultivation",Education,Hybrid,High,7,Primary,Land + Vehicle,Medium,Home Tuition,Education,0.93,0.85
28,Female,Semi-Urban,Low,"Mobile Repair, Crafting, Mushroom Cultivation",E-commerce,Outdoor,Low,7,Primary,Phone,Medium,Handmade Products Store,E-commerce,0.61,0.54
39,Female,Rural,Low,"Candle Making, Teaching, Food Delivery, Daycare Management",E-commerce,Outdoor,High,2,None,Phone,High,Handmade Products Store,E-commerce,0.59,0.83
54,Female,Semi-Urban,Low,"Paper Craft, Pickle Making, Daycare Management, Reselling",Apparel,Hybrid,Low,6,Primary,Phone,Medium,Embroidery Shop,Apparel,0.59,0.99
33,Female,Rural,Low,"Poultry Care, Hair Styling, Teaching",Technology,Outdoor,Medium,10,None,Internet,Low,YouTube Channel,Technology,0.65,0.77
53,Female,Rural,Low,"Mobile Repair, Poultry Care, Photography, Crafting",Agriculture,Hybrid,High,7,Primary,Land,Medium,Dairy Farming,Agriculture,0.93,0.68
40,Female,Semi-Urban,Low,"Mushroom Cultivation, Food Delivery, Content Creation",Apparel,Outdoor,High,4,Primary,Phone + Internet,Low,Embroidery Shop,Apparel,0.66,0.88
23,Female,Semi-Urban,Low,"Cooking, Makeup, Candle Making",Creative Services,Home-based,Low,4,Primary,Land + Vehicle,Medium,Video Editing Service,Creative Services,0.58,0.9
41,Female,Semi-Urban,Low,"Photography, Mushroom Cultivation",Apparel,Home-based,Medium,7,Secondary,Phone + Internet,Low,Embroidery Shop,Apparel,0.59,0.52
41,Female,Rural,Low,"Content Creation, Sewing",Food & Beverage,Home-based,High,2,Primary,Vehicle,Low,Spice Mixing,Food & Beverage,0.82,0.76
18,Male,Rural,Medium,"Makeup, Pickle Making, Digital Marketing",Food & Beverage,Home-based,Low,6,Primary,Phone + Internet,Low,Tiffin Service,Food & Beverage,0.74,0.65
29,Male,Semi-Urban,Low,"Dairy Management, Mobile Repair, Reselling",Domestic Services,Outdoor,Medium,4,None,Internet,Medium,Babysitting,Domestic Services,0.49,0.58
28,Female,Urban,Medium,"Content Creation, Food Delivery, Farming",Education,Outdoor,Medium,5,None,Phone,High,Daycare Center,Education,0.84,0.95
40,Female,Urban,Medium,"Farming, Teaching, Home Cleaning, Embroidery",Food & Beverage,Hybrid,High,4,None,Phone + Internet,Low,Homemade Pickles,Food & Beverage,0.55,0.95
53,Female,Urban,Low,"Crafting, Digital Marketing",Food & Beverage,Hybrid,Low,2,Secondary,None,Low,Tiffin Service,Food & Beverage,0.44,0.64
45,Male,Urban,Medium,"Makeup, Farming, Tailoring, Embroidery",E-commerce,Home-based,High,4,Primary,Land + Vehicle,High,Dropshipping,E-commerce,0.57,0.94
53,Female,Urban,Medium,"Dairy Management, Cooking, Tailoring, Crafting",Technology,Outdoor,Low,5,None,None,Medium,Mobile Repair Shop,Technology,0.83,0.94
34,Female,Urban,Medium,"Hair Styling, Pickle Making, Mobile Repair",Art & Craft,Hybrid,Medium,4,Secondary,None,Low,Candle Making,Art & Craft,0.42,0.93
28,Female,Semi-Urban,Low,"Daycare Management, Teaching, Digital Marketing",Food & Beverage,Home-based,High,3,None,Phone,Low,Snack Stall,Food & Beverage,0.78,0.74
36,Female,Rural,Medium,"Farming, Cooking, Crafting",Food & Beverage,Hybrid,Medium,2,None,None,High,Homemade Pickles,Food & Beverage,0.57,0.53
27,Male,Rural,Medium,"Paper Craft, Mushroom Cultivation, Cooking",Art & Craft,Hybrid,High,6,Secondary,Internet,Medium,Paper Crafts,Art & Craft,0.43,0.59
33,Male,Rural,Low,"Content Creation, Embroidery, Mobile Repair",Domestic Services,Outdoor,Medium,2,Primary,Land,Low,Home Cook,Domestic Services,0.79,0.8
29,Female,Rural,Low,"Reselling, Content Creation, Tailoring, Cooking",E-commerce,Home-based,Medium,2,Primary,Land + Vehicle,Low,Handmade Products Store,E-commerce,0.71,0.84
51,Female,Rural,High,"Candle Making, Paper Craft, Baking",Agriculture,Outdoor,Medium,8,None,Vehicle,Low,Poultry Business,Agriculture,0.92,0.66
52,Female,Semi-Urban,Low,"Cooking, Photography",Education,Hybrid,Medium,8,Primary,Internet,High,Home Tuition,Education,0.74,0.88
39,Female,Rural,High,"Poultry Care, Photography, Dairy Management, Pickle Making",Food & Beverage,Hybrid,Medium,3,Primary,Internet,Medium,Spice Mixing,Food & Beverage,0.61,0.59
43,Male,Rural,High,"Teaching, Digital Marketing",Domestic Services,Home-based,Medium,6,None,Land + Vehicle,Low,Cleaning Services,Domestic Services,0.79,0.6
20,Female,Semi-Urban,Low,"Mushroom Cultivation, Reselling",Technology,Home-based,High,3,None,Internet,Low,Digital Marketing Agency,Technology,0.85,0.54
44,Female,Rural,Low,"Farming, Digital Marketing, Crafting",Technology,Hybrid,Low,8,None,Phone,Medium,YouTube Channel,Technology,0.52,0.51
47,Female,Urban,Low,"Hair Styling, Dairy Management, Content Creation, Candle Making",Technology,Hybrid,Medium,9,None,Internet,High,Digital Marketing Agency,Technology,0.88,0.95
37,Female,Semi-Urban,Medium,"Tailoring, Reselling, Home Cleaning",E-commerce,Home-based,High,5,Primary,Land + Vehicle,High,Online Reselling,E-commerce,0.63,0.81
51,Female,Rural,Medium,"Reselling, Digital Marketing, Crafting, Paper Craft",Education,Outdoor,Low,7,None,Phone + Internet,Medium,Spoken English Classes,Education,0.75,0.58
27,Female,Rural,High,"Baking, Mobile Repair, Mushroom Cultivation",Food & Beverage,Outdoor,High,9,Secondary,Internet,Low,Tiffin Service,Food & Beverage,0.58,0.8
55,Female,Rural,Low,"Baking, Tailoring, Home Cleaning",Beauty,Home-based,Low,3,None,Vehicle,High,Mehendi Services,Beauty,0.66,0.98
25,Female,Rural,Medium,"Baking, Digital Marketing, Food Delivery",Domestic Services,Outdoor,Low,10,None,Land + Vehicle,Medium,Cleaning Services,Domestic Services,0.58,0.75
22,Female,Semi-Urban,Low,"Poultry Care, Crafting",E-commerce,Outdoor,Medium,7,Secondary,Vehicle,High,Online Reselling,E-commerce,0.74,0.64
37,Female,Rural,Medium,"Photography, Content Creation, Poultry Care, Mobile Repair",Education,Hybrid,Medium,7,None,Phone,Medium,Daycare Center,Education,0.85,0.51
20,Female,Semi-Urban,Low,"Reselling, Paper Craft, Mushroom Cultivation, Mobile Repair",Education,Home-based,Medium,6,Primary,Land,Low,Daycare Center,Education,0.48,0.55
46,Male,Urban,High,"Food Delivery, Makeup, Teaching",E-commerce,Outdoor,Low,10,None,Vehicle,High,Dropshipping,E-commerce,0.72,0.59
24,Female,Urban,Medium,"Mobile Repair, Baking",Apparel,Home-based,Low,6,None,Vehicle,Low,Embroidery Shop,Apparel,0.95,0.6
37,Female,Rural,Low,"Dairy Management, Crafting, Makeup, Poultry Care",Art & Craft,Home-based,Medium,7,None,Internet,Medium,Jewelry Design,Art & Craft,0.47,0.68
50,Female,Semi-Urban,Low,"Makeup, Dairy Management, Mushroom Cultivation, Reselling",Agriculture,Home-based,Low,4,None,Internet,Low,Poultry Business,Agriculture,0.67,0.81
40,Female,Semi-Urban,Medium,"Cooking, Tailoring, Photography, Food Delivery",Beauty,Home-based,Low,7,Secondary,None,Low,Home Salon,Beauty,0.86,0.62
18,Female,Semi-Urban,Low,"Pickle Making, Embroidery, Daycare Management",Education,Hybrid,High,10,Primary,Land + Vehicle,Medium,Spoken English Classes,Education,0.59,0.9
27,Female,Urban,Low,"Pickle Making, Daycare Management, Baking",Apparel,Hybrid,High,3,None,Internet,Low,Tailoring Business,Apparel,0.95,0.73
28,Female,Urban,Low,"Video Editing, Crafting, Baking",Apparel,Home-based,High,2,Primary,Phone + Internet,Medium,Fabric Painting,Apparel,0.69,0.98
36,Female,Urban,Medium,"Digital Marketing, Sewing",E-commerce,Hybrid,High,5,None,Land + Vehicle,Medium,Online Reselling,E-commerce,0.49,0.61
49,Female,Rural,High,"Candle Making, Teaching",Creative Services,Outdoor,Medium,9,Primary,None,Medium,Photography Studio,Creative Services,0.58,0.62
37,Female,Semi-Urban,High,"Crafting, Content Creation",Apparel,Home-based,Medium,3,Primary,Land + Vehicle,Low,Embroidery Shop,Apparel,0.88,0.78
25,Female,Urban,High,"Food Delivery, Digital Marketing, Daycare Management, Cooking",Technology,Outdoor,Low,3,Secondary,Phone + Internet,High,Mobile Repair Shop,Technology,0.57,0.62
42,Female,Urban,Low,"Dairy Management, Mobile Repair",Agriculture,Outdoor,High,5,Primary,Phone,Medium,Dairy Farming,Agriculture,0.91,0.93
40,Female,Urban,Medium,"Poultry Care, Crafting",Education,Outdoor,High,6,None,Vehicle,Medium,Daycare Center,Education,0.69,0.7
43,Female,Semi-Urban,High,"Makeup, Paper Craft, Embroidery, Daycare Management",Education,Outdoor,Low,4,Secondary,Land,High,Spoken English Classes,Education,0.78,0.62
20,Female,Semi-Urban,Medium,"Embroidery, Content Creation, Home Cleaning",Food & Beverage,Outdoor,High,4,Primary,Phone + Internet,High,Homemade Pickles,Food & Beverage,0.69,0.66
19,Male,Urban,Low,"Dairy Management, Paper Craft, Content Creation, Mobile Repair",E-commerce,Outdoor,Low,7,Secondary,Land,Medium,Online Reselling,E-commerce,0.9,0.84
28,Female,Rural,Low,"Paper Craft, Tailoring, Reselling, Makeup",Domestic Services,Home-based,Low,7,None,Land,High,Babysitting,Domestic Services,0.44,0.54
32,Female,Semi-Urban,Medium,"Makeup, Tailoring, Food Delivery, Daycare Management",Agriculture,Hybrid,High,10,None,None,Medium,Poultry Business,Agriculture,0.89,0.53
36,Male,Semi-Urban,Medium,"Photography, Crafting",Agriculture,Outdoor,High,9,Secondary,Land + Vehicle,Low,Dairy Farming,Agriculture,0.64,0.87
25,Female,Rural,Low,"Candle Making, Dairy Management, Hair Styling, Reselling",Education,Hybrid,High,2,Secondary,Vehicle,Low,Home Tuition,Education,0.53,0.6
39,Female,Urban,Medium,"Farming, Sewing",Domestic Services,Outdoor,Medium,5,Primary,Phone,Medium,Babysitting,Domestic Services,0.66,0.51
21,Female,Urban,Low,"Farming, Baking, Candle Making",Domestic Services,Hybrid,Medium,7,Secondary,Phone + Internet,Medium,Cleaning Services,Domestic Services,0.83,0.71
50,Female,Urban,Medium,"Food Delivery, Dairy Management",Creative Services,Hybrid,High,4,Secondary,Phone + Internet,Medium,Content Creation Agency,Creative Services,0.56,0.95
31,Female,Urban,Low,"Poultry Care, Hair Styling",Agriculture,Hybrid,Medium,10,None,Land + Vehicle,Medium,Poultry Business,Agriculture,0.61,0.61
48,Female,Urban,High,"Digital Marketing, Sewing",E-commerce,Home-based,Low,5,Primary,Land + Vehicle,High,Handmade Products Store,E-commerce,0.43,0.86
52,Female,Rural,Low,"Mobile Repair, Paper Craft, Daycare Management",Art & Craft,Home-based,Low,3,Secondary,None,Low,Candle Making,Art & Craft,0.63,0.87
25,Female,Rural,Low,"Mushroom Cultivation, Tailoring",Food & Beverage,Outdoor,Low,10,None,Land,Low,Spice Mixing,Food & Beverage,0.44,0.78
29,Female,Semi-Urban,Medium,"Video Editing, Baking, Food Delivery",Food & Beverage,Outdoor,Medium,4,None,Phone,High,Tiffin Service,Food & Beverage,0.48,0.77
28,Female,Rural,Low,"Mushroom Cultivation, Food Delivery",Technology,Outdoor,Low,9,Primary,Vehicle,Low,Mobile Repair Shop,Technology,0.89,0.64
22,Female,Rural,Low,"Reselling, Pickle Making, Embroidery",Creative Services,Hybrid,Low,3,Primary,None,Medium,Video Editing Service,Creative Services,0.45,0.55
19,Female,Urban,High,"Reselling, Daycare Management",Food & Beverage,Home-based,Low,7,Primary,Land + Vehicle,Low,Homemade Pickles,Food & Beverage,0.65,0.71
54,Female,Urban,Medium,"Hair Styling, Video Editing, Sewing, Poultry Care",Art & Craft,Outdoor,Low,7,Secondary,Phone + Internet,Medium,Candle Making,Art & Craft,0.61,0.96
24,Female,Semi-Urban,Low,"Sewing, Mushroom Cultivation",E-commerce,Home-based,Low,2,None,None,Low,Online Reselling,E-commerce,0.73,0.94
18,Male,Urban,Low,"Makeup, Reselling, Home Cleaning, Mobile Repair",Creative Services,Outdoor,Medium,9,Primary,Land + Vehicle,Low,Content Creation Agency,Creative Services,0.62,0.71
41,Female,Semi-Urban,Low,"Hair Styling, Daycare Management, Digital Marketing, Pickle Making",Technology,Home-based,Low,8,None,Internet,Medium,YouTube Channel,Technology,0.64,0.75
37,Female,Rural,Low,"Photography, Pickle Making, Poultry Care",E-commerce,Home-based,Low,5,Primary,Vehicle,Medium,Dropshipping,E-commerce,0.67,0.77
34,Male,Semi-Urban,Low,"Daycare Management, Candle Making, Video Editing",Creative Services,Hybrid,Medium,5,Primary,Phone,Medium,Photography Studio,Creative Services,0.75,0.51
20,Female,Semi-Urban,High,"Sewing, Farming",Domestic Services,Outdoor,High,5,Primary,Phone + Internet,Low,Babysitting,Domestic Services,0.65,0.9
43,Female,Urban,Medium,"Dairy Management, Photography, Video Editing, Farming",Beauty,Hybrid,Low,10,Secondary,Land + Vehicle,Medium,Skincare Product Making,Beauty,0.91,0.54
24,Female,Urban,Medium,"Baking, Daycare Management, Hair Styling",Agriculture,Home-based,Medium,6,Primary,Internet,Low,Poultry Business,Agriculture,0.56,0.99
37,Female,Semi-Urban,Low,"Photography, Cooking, Sewing",Art & Craft,Hybrid,High,8,Secondary,Land,Medium,Paper Crafts,Art & Craft,0.83,0.74
28,Female,Rural,Low,"Digital Marketing, Daycare Management, Makeup, Cooking",Apparel,Home-based,Medium,8,Primary,None,Low,Fabric Painting,Apparel,0.56,0.81
40,Female,Semi-Urban,Low,"Dairy Management, Food Delivery, Cooking",Agriculture,Hybrid,Medium,6,None,Phone + Internet,High,Mushroom Cultivation,Agriculture,0.77,0.54
20,Female,Rural,Low,"Food Delivery, Home Cleaning, Teaching, Photography",Domestic Services,Home-based,High,8,Primary,Vehicle,Low,Cleaning Services,Domestic Services,0.45,0.51
50,Female,Semi-Urban,Medium,"Hair Styling, Farming, Mobile Repair",Domestic Services,Outdoor,Medium,3,Secondary,None,High,Home Cook,Domestic Services,0.83,0.75
34,Female,Urban,Low,"Reselling, Pickle Making",Technology,Outdoor,High,7,None,None,High,Mobile Repair Shop,Technology,0.82,0.79
19,Male,Semi-Urban,Low,"Home Cleaning, Embroidery, Video Editing, Poultry Care",Education,Outdoor,Low,3,Secondary,Phone + Internet,Low,Spoken English Classes,Education,0.69,0.68
54,Female,Urban,Low,"Cooking, Makeup, Farming, Sewing",Creative Services,Home-based,Medium,8,Secondary,Vehicle,High,Content Creation Agency,Creative Services,0.81,0.98
27,Female,Rural,Low,"Cooking, Reselling",Education,Home-based,High,3,Secondary,Internet,High,Daycare Center,Education,0.64,0.54
52,Female,Urban,Low,"Poultry Care, Content Creation",Domestic Services,Home-based,Low,3,Secondary,Internet,Low,Babysitting,Domestic Services,0.6,0.62
40,Female,Semi-Urban,Medium,"Digital Marketing, Reselling, Crafting, Makeup",Food & Beverage,Outdoor,Low,7,Primary,Land,Medium,Snack Stall,Food & Beverage,0.85,0.76
38,Female,Rural,Low,"Sewing, Cooking",Beauty,Outdoor,Medium,9,Secondary,Internet,Medium,Home Salon,Beauty,0.55,0.72
34,Male,Urban,Medium,"Home Cleaning, Video Editing, Sewing",E-commerce,Home-based,High,8,None,Land + Vehicle,Medium,Online Reselling,E-commerce,0.89,0.73
31,Female,Semi-Urban,Low,"Pickle Making, Embroidery",Domestic Services,Outdoor,Low,9,Primary,Vehicle,Low,Cleaning Services,Domestic Services,0.62,0.88
33,Female,Semi-Urban,Low,"Teaching, Reselling",Creative Services,Outdoor,Medium,8,None,None,High,Content Creation Agency,Creative Services,0.61,0.64
36,Male,Semi-Urban,High,"Video Editing, Home Cleaning, Paper Craft",Art & Craft,Hybrid,High,6,Primary,Phone,Medium,Candle Making,Art & Craft,0.65,0.76
47,Female,Rural,Medium,"Farming, Dairy Management, Crafting",Food & Beverage,Hybrid,Medium,5,Secondary,Land + Vehicle,Medium,Homemade Pickles,Food & Beverage,0.84,0.54
22,Female,Urban,Low,"Crafting, Poultry Care, Baking, Photography",Agriculture,Home-based,High,9,Primary,None,Medium,Poultry Business,Agriculture,0.89,0.89
51,Female,Semi-Urban,Low,"Mushroom Cultivation, Teaching, Makeup",Beauty,Hybrid,Low,5,None,Phone,Low,Mehendi Services,Beauty,0.67,0.78
40,Female,Semi-Urban,Low,"Dairy Management, Digital Marketing, Embroidery",Education,Hybrid,High,4,None,Internet,Medium,Spoken English Classes,Education,0.65,0.93
28,Female,Rural,Medium,"Poultry Care, Sewing",Food & Beverage,Outdoor,High,3,Secondary,Land,Medium,Snack Stall,Food & Beverage,0.92,0.96
21,Female,Urban,Medium,"Candle Making, Baking, Tailoring",Domestic Services,Outdoor,Medium,2,None,Vehicle,Low,Cleaning Services,Domestic Services,0.59,0.55
34,Female,Semi-Urban,Low,"Hair Styling, Baking",E-commerce,Home-based,Medium,5,Secondary,Land + Vehicle,Medium,Handmade Products Store,E-commerce,0.62,0.6
36,Female,Rural,Low,"Mobile Repair, Daycare Management, Tailoring",E-commerce,Home-based,Low,5,Primary,Internet,Medium,Online Reselling,E-commerce,0.49,0.59
32,Female,Rural,Medium,"Tailoring, Farming, Dairy Management",Creative Services,Home-based,Medium,7,None,Phone + Internet,Medium,Video Editing Service,Creative Services,0.66,0.87
53,Male,Semi-Urban,Low,"Video Editing, Teaching",Domestic Services,Outdoor,Low,4,None,Land,High,Babysitting,Domestic Services,0.95,0.56
27,Female,Semi-Urban,Medium,"Crafting, Content Creation, Dairy Management",Food & Beverage,Outdoor,High,6,Primary,Internet,Low,Homemade Pickles,Food & Beverage,0.86,0.82
42,Female,Urban,Medium,"Reselling, Candle Making",Creative Services,Outdoor,Medium,6,Secondary,None,High,Photography Studio,Creative Services,0.58,0.8
41,Female,Semi-Urban,High,"Farming, Cooking, Teaching",Education,Hybrid,High,10,Secondary,Phone,Medium,Home Tuition,Education,0.69,0.71
49,Female,Rural,Low,"Reselling, Mobile Repair, Poultry Care",Technology,Home-based,Medium,6,Secondary,Land + Vehicle,Medium,Digital Marketing Agency,Technology,0.87,0.86
46,Male,Urban,Medium,"Video Editing, Dairy Management, Paper Craft, Content Creation",Education,Home-based,High,7,None,None,Low,Spoken English Classes,Education,0.69,0.67
21,Female,Rural,Low,"Paper Craft, Photography",Agriculture,Home-based,Medium,5,None,Vehicle,Medium,Poultry Business,Agriculture,0.85,0.91
23,Female,Semi-Urban,Medium,"Pickle Making, Daycare Management, Video Editing",Technology,Home-based,High,4,None,None,Medium,YouTube Channel,Technology,0.84,0.61
33,Female,Rural,Medium,"Makeup, Poultry Care",Art & Craft,Home-based,High,8,Primary,Vehicle,High,Jewelry Design,Art & Craft,0.48,0.57
52,Female,Rural,Low,"Farming, Mobile Repair, Home Cleaning, Embroidery",Creative Services,Hybrid,Medium,8,Secondary,Phone + Internet,High,Photography Studio,Creative Services,0.61,0.84
26,Female,Rural,Medium,"Cooking, Candle Making",Food & Beverage,Outdoor,Low,5,None,Land,High,Spice Mixing,Food & Beverage,0.65,0.8
26,Female,Semi-Urban,High,"Food Delivery, Sewing, Baking",Agriculture,Hybrid,Medium,4,Secondary,Phone,Medium,Dairy Farming,Agriculture,0.75,0.65
28,Female,Rural,Medium,"Hair Styling, Food Delivery, Digital Marketing",Art & Craft,Home-based,High,7,Primary,Phone,Low,Candle Making,Art & Craft,0.55,0.91
32,Female,Semi-Urban,Medium,"Mushroom Cultivation, Candle Making, Dairy Management",Technology,Hybrid,Low,8,Secondary,Phone,Low,YouTube Channel,Technology,0.57,0.57
26,Female,Urban,Low,"Sewing, Content Creation, Reselling, Candle Making",Education,Hybrid,High,3,None,Phone,High,Daycare Center,Education,0.72,0.91
29,Female,Rural,Low,"Food Delivery, Baking, Poultry Care, Pickle Making",Food & Beverage,Home-based,Medium,6,None,Phone + Internet,High,Spice Mixing,Food & Beverage,0.94,0.84
23,Male,Rural,Medium,"Home Cleaning, Content Creation",Technology,Home-based,High,10,Secondary,None,Low,Digital Marketing Agency,Technology,0.65,0.65
24,Female,Rural,Low,"Sewing, Teaching, Photography, Tailoring",Education,Home-based,Medium,6,Primary,Internet,Medium,Daycare Center,Education,0.52,0.78
30,Male,Semi-Urban,High,"Poultry Care, Content Creation, Cooking",Art & Craft,Outdoor,Low,8,None,Phone,Low,Jewelry Design,Art & Craft,0.88,0.61
34,Female,Rural,Low,"Crafting, Photography, Daycare Management, Embroidery",Food & Beverage,Outdoor,High,3,None,Vehicle,Medium,Tiffin Service,Food & Beverage,0.82,0.51
24,Female,Rural,Low,"Farming, Embroidery, Reselling",Art & Craft,Home-based,Low,10,Primary,Internet,Low,Candle Making,Art & Craft,0.52,0.55
33,Female,Urban,Low,"Embroidery, Candle Making",Technology,Hybrid,High,2,Primary,Phone,Medium,Mobile Repair Shop,Technology,0.7,0.83
54,Female,Rural,Medium,"Video Editing, Dairy Management, Mobile Repair",Beauty,Hybrid,Low,3,Primary,Phone,Low,Skincare Product Making,Beauty,0.7,0.55
48,Female,Urban,Medium,"Farming, Pickle Making, Embroidery, Paper Craft",Domestic Services,Home-based,Low,2,None,Phone + Internet,High,Home Cook,Domestic Services,0.8,0.57
36,Female,Semi-Urban,Low,"Mushroom Cultivation, Makeup",Food & Beverage,Outdoor,Medium,5,None,Land,Medium,Homemade Pickles,Food & Beverage,0.89,0.65
53,Female,Semi-Urban,High,"Embroidery, Home Cleaning, Food Delivery",Apparel,Outdoor,Low,7,Primary,Land + Vehicle,Low,Tailoring Business,Apparel,0.45,0.64
42,Male,Urban,Low,"Pickle Making, Food Delivery",Creative Services,Home-based,Low,3,Secondary,Land,High,Photography Studio,Creative Services,0.64,0.67
50,Female,Semi-Urban,Low,"Daycare Management, Paper Craft",E-commerce,Hybrid,Medium,9,Secondary,Phone,Low,Handmade Products Store,E-commerce,0.63,0.66
52,Female,Urban,Low,"Makeup, Mushroom Cultivation, Food Delivery",Beauty,Home-based,Low,3,None,Land + Vehicle,Medium,Mehendi Services,Beauty,0.64,0.73
51,Female,Semi-Urban,Low,"Reselling, Cooking, Candle Making",Agriculture,Home-based,Medium,3,None,None,Medium,Dairy Farming,Agriculture,0.62,0.83
27,Female,Urban,Low,"Pickle Making, Food Delivery, Hair Styling",Agriculture,Hybrid,Medium,2,Primary,Phone + Internet,Medium,Poultry Business,Agriculture,0.69,0.88
54,Female,Rural,Low,"Reselling, Embroidery, Makeup, Photography",Creative Services,Hybrid,High,6,Secondary,None,Medium,Content Creation Agency,Creative Services,0.68,0.62
44,Female,Urban,High,"Daycare Management, Pickle Making, Reselling",Domestic Services,Home-based,High,3,Secondary,Internet,Medium,Home Cook,Domestic Services,0.8,0.75
39,Female,Urban,Medium,"Baking, Sewing, Food Delivery, Farming",Agriculture,Hybrid,Medium,3,Primary,Land,Medium,Mushroom Cultivation,Agriculture,0.8,0.99
20,Female,Rural,Low,"Embroidery, Paper Craft, Cooking, Baking",Apparel,Hybrid,Low,3,None,Land + Vehicle,Medium,Tailoring Business,Apparel,0.94,0.8
23,Male,Urban,Medium,"Pickle Making, Mobile Repair, Embroidery",E-commerce,Home-based,Medium,10,None,Land + Vehicle,Medium,Handmade Products Store,E-commerce,0.51,0.85
54,Male,Rural,Medium,"Mushroom Cultivation, Paper Craft, Makeup, Food Delivery",Creative Services,Outdoor,High,4,None,Land,Low,Photography Studio,Creative Services,0.43,0.75
25,Male,Rural,Low,"Baking, Cooking",E-commerce,Outdoor,High,3,Secondary,Land,High,Dropshipping,E-commerce,0.56,0.8
42,Female,Semi-Urban,Low,"Video Editing, Photography",Art & Craft,Hybrid,Low,9,None,Phone + Internet,High,Candle Making,Art & Craft,0.95,0.89
45,Female,Rural,High,"Baking, Daycare Management",Art & Craft,Outdoor,Low,8,None,Land,Low,Candle Making,Art & Craft,0.4,0.77
33,Female,Rural,Low,"Content Creation, Paper Craft, Makeup, Photography",E-commerce,Hybrid,Medium,5,Secondary,Phone,High,Handmade Products Store,E-commerce,0.47,0.54
42,Female,Rural,Medium,"Paper Craft, Daycare Management",Apparel,Outdoor,Low,9,Secondary,None,Low,Fabric Painting,Apparel,0.6,0.92
26,Female,Urban,Medium,"Farming, Sewing",Education,Outdoor,Low,3,Primary,Phone,Medium,Spoken English Classes,Education,0.53,0.64
52,Female,Urban,Low,"Makeup, Dairy Management, Pickle Making",Technology,Outdoor,High,2,Secondary,Vehicle,High,Digital Marketing Agency,Technology,0.46,0.75
40,Female,Rural,Medium,"Hair Styling, Tailoring, Video Editing, Reselling",Education,Outdoor,Low,5,Secondary,Land + Vehicle,High,Home Tuition,Education,0.89,0.7
40,Male,Rural,Medium,"Digital Marketing, Tailoring, Teaching",Agriculture,Outdoor,Medium,4,Primary,Phone,Low,Poultry Business,Agriculture,0.65,0.74
51,Female,Urban,Low,"Makeup, Reselling, Poultry Care, Mobile Repair",Food & Beverage,Hybrid,Low,6,None,Land + Vehicle,Low,Snack Stall,Food & Beverage,0.72,0.79
30,Female,Semi-Urban,Medium,"Hair Styling, Baking",Apparel,Hybrid,High,6,None,Internet,Medium,Tailoring Business,Apparel,0.74,0.77
43,Female,Semi-Urban,Low,"Poultry Care, Video Editing",Art & Craft,Hybrid,High,10,Secondary,Vehicle,Low,Jewelry Design,Art & Craft,0.82,0.99
32,Female,Semi-Urban,Medium,"Daycare Management, Digital Marketing, Tailoring, Candle Making",Technology,Outdoor,Medium,10,Secondary,Vehicle,High,YouTube Channel,Technology,0.75,0.54
37,Female,Urban,Low,"Digital Marketing, Mobile Repair",Education,Outdoor,Low,7,Primary,Land,Low,Daycare Center,Education,0.69,0.94
32,Female,Urban,Low,"Teaching, Cooking, Tailoring",E-commerce,Home-based,High,4,Primary,Vehicle,High,Dropshipping,E-commerce,0.51,0.58
31,Male,Semi-Urban,Medium,"Embroidery, Paper Craft, Daycare Management",Art & Craft,Outdoor,Low,5,None,Vehicle,Low,Paper Crafts,Art & Craft,0.63,0.86
25,Female,Urban,Medium,"Daycare Management, Farming, Tailoring",Technology,Outdoor,Medium,5,None,Land + Vehicle,Medium,Mobile Repair Shop,Technology,0.78,0.77
54,Female,Semi-Urban,Low,"Hair Styling, Pickle Making, Embroidery",Art & Craft,Hybrid,Medium,3,None,None,Medium,Paper Crafts,Art & Craft,0.47,0.85
47,Female,Semi-Urban,Low,"Content Creation, Crafting, Makeup",Beauty,Home-based,High,4,Secondary,Vehicle,Medium,Skincare Product Making,Beauty,0.82,0.89
46,Male,Urban,Low,"Poultry Care, Candle Making, Daycare Management, Crafting",Agriculture,Hybrid,Low,3,Primary,Land,Medium,Poultry Business,Agriculture,0.71,0.82
35,Male,Urban,Low,"Home Cleaning, Digital Marketing, Daycare Management",Technology,Outdoor,Low,7,None,Internet,Low,Mobile Repair Shop,Technology,0.82,0.91
50,Female,Semi-Urban,Low,"Paper Craft, Embroidery, Pickle Making",Food & Beverage,Hybrid,Low,9,None,Vehicle,Low,Snack Stall,Food & Beverage,0.71,0.51
50,Female,Rural,Low,"Makeup, Baking",Education,Home-based,High,8,None,Internet,Medium,Spoken English Classes,Education,0.71,0.89
37,Female,Urban,Medium,"Tailoring, Sewing, Cooking",Education,Hybrid,High,5,Primary,Land,Medium,Spoken English Classes,Education,0.9,0.91
48,Female,Semi-Urban,Low,"Makeup, Pickle Making",Creative Services,Outdoor,Medium,5,Primary,Internet,Low,Content Creation Agency,Creative Services,0.74,0.9
27,Male,Semi-Urban,Low,"Food Delivery, Embroidery, Poultry Care, Home Cleaning",Creative Services,Hybrid,Medium,6,None,Phone + Internet,Low,Content Creation Agency,Creative Services,0.91,0.76
36,Female,Semi-Urban,Low,"Mushroom Cultivation, Embroidery",Art & Craft,Home-based,Low,7,Primary,Land + Vehicle,High,Candle Making,Art & Craft,0.56,0.6
28,Male,Urban,Low,"Mobile Repair, Content Creation, Teaching, Sewing",E-commerce,Outdoor,High,8,Secondary,Phone,High,Handmade Products Store,E-commerce,0.73,0.54
48,Female,Urban,Low,"Sewing, Candle Making",Apparel,Hybrid,Low,3,Primary,Phone + Internet,Low,Embroidery Shop,Apparel,0.51,1.0
55,Female,Semi-Urban,Low,"Digital Marketing, Food Delivery, Mobile Repair",Education,Outdoor,Medium,3,Secondary,Phone,High,Home Tuition,Education,0.61,0.8
53,Female,Urban,Medium,"Video Editing, Content Creation, Dairy Management",Education,Hybrid,High,9,Primary,None,Medium,Home Tuition,Education,0.9,0.69
32,Female,Urban,High,"Cooking, Crafting, Digital Marketing",Apparel,Home-based,Low,2,Secondary,Internet,Low,Tailoring Business,Apparel,0.61,0.94
18,Female,Rural,Low,"Poultry Care, Paper Craft, Reselling, Video Editing",Agriculture,Home-based,Medium,4,None,Land + Vehicle,Medium,Dairy Farming,Agriculture,0.87,0.5
27,Female,Semi-Urban,Low,"Photography, Mushroom Cultivation, Home Cleaning, Reselling",Art & Craft,Outdoor,High,7,None,Vehicle,Medium,Paper Crafts,Art & Craft,0.47,0.8
44,Male,Urban,High,"Farming, Mushroom Cultivation",Technology,Home-based,Medium,5,None,None,Low,YouTube Channel,Technology,0.71,0.65
53,Female,Rural,High,"Content Creation, Embroidery, Cooking",Apparel,Hybrid,Medium,7,None,Land,Medium,Tailoring Business,Apparel,0.42,0.83
45,Female,Semi-Urban,Low,"Makeup, Poultry Care",Domestic Services,Hybrid,High,2,Secondary,Phone + Internet,Medium,Home Cook,Domestic Services,0.81,0.69
39,Female,Urban,Low,"Crafting, Makeup, Digital Marketing",Technology,Hybrid,High,6,Secondary,Land,High,Digital Marketing Agency,Technology,0.93,0.91
55,Female,Urban,Low,"Food Delivery, Embroidery",Food & Beverage,Home-based,High,2,Secondary,Internet,Medium,Spice Mixing,Food & Beverage,0.54,0.63
38,Female,Urban,Medium,"Hair Styling, Home Cleaning",Technology,Outdoor,High,9,Secondary,None,High,Mobile Repair Shop,Technology,0.7,0.87
54,Female,Semi-Urban,Low,"Mobile Repair, Video Editing",Education,Outdoor,Medium,7,None,Internet,High,Home Tuition,Education,0.71,0.57
51,Female,Rural,Low,"Cooking, Daycare Management",Apparel,Outdoor,High,2,None,Vehicle,Low,Embroidery Shop,Apparel,0.9,0.8
39,Female,Urban,Low,"Hair Styling, Content Creation, Crafting",Beauty,Hybrid,High,3,Primary,Phone,High,Skincare Product Making,Beauty,0.46,0.57
41,Female,Semi-Urban,Low,"Candle Making, Cooking, Photography",Creative Services,Home-based,Low,7,None,Land,Medium,Video Editing Service,Creative Services,0.79,0.6
35,Male,Rural,Medium,"Pickle Making, Food Delivery, Makeup",Technology,Outdoor,High,6,Primary,Land + Vehicle,High,Mobile Repair Shop,Technology,0.87,0.79
35,Female,Urban,Low,"Candle Making, Mobile Repair, Embroidery, Crafting",Technology,Outdoor,High,8,None,Internet,Low,Mobile Repair Shop,Technology,0.77,0.96
28,Female,Rural,Low,"Poultry Care, Dairy Management, Daycare Management, Cooking",Technology,Home-based,High,8,Primary,Vehicle,Medium,Digital Marketing Agency,Technology,0.76,1.0
34,Male,Urban,Medium,"Pickle Making, Teaching, Sewing",Creative Services,Hybrid,Medium,5,Secondary,None,Medium,Photography Studio,Creative Services,0.54,0.74
34,Female,Semi-Urban,Low,"Dairy Management, Cooking",Beauty,Outdoor,Low,10,Primary,None,Low,Mehendi Services,Beauty,0.87,0.98
32,Male,Rural,Low,"Content Creation, Daycare Management, Embroidery",Education,Hybrid,Medium,7,Primary,Vehicle,High,Spoken English Classes,Education,0.65,0.96
47,Female,Urban,Low,"Digital Marketing, Baking, Embroidery, Content Creation",Domestic Services,Home-based,Low,7,None,Land,Low,Babysitting,Domestic Services,0.53,0.78
41,Female,Urban,High,"Farming, Home Cleaning",E-commerce,Home-based,High,2,Primary,Land + Vehicle,High,Online Reselling,E-commerce,0.75,0.56
51,Male,Urban,High,"Embroidery, Reselling",Food & Beverage,Outdoor,Medium,5,Primary,None,Low,Homemade Pickles,Food & Beverage,0.76,0.84
51,Female,Semi-Urban,Medium,"Poultry Care, Candle Making",Technology,Home-based,Low,4,Secondary,Vehicle,High,YouTube Channel,Technology,0.83,0.84
28,Female,Semi-Urban,Low,"Content Creation, Mushroom Cultivation, Hair Styling, Dairy Management",Creative Services,Outdoor,Medium,8,Secondary,None,Low,Video Editing Service,Creative Services,0.52,0.53
54,Female,Urban,High,"Cooking, Mushroom Cultivation, Content Creation",Education,Hybrid,Medium,6,Secondary,None,Medium,Spoken English Classes,Education,0.52,0.53
32,Female,Semi-Urban,Low,"Candle Making, Pickle Making",Food & Beverage,Outdoor,High,4,Primary,Internet,Medium,Homemade Pickles,Food & Beverage,0.78,0.54
51,Female,Urban,Low,"Content Creation, Candle Making, Poultry Care",Technology,Home-based,Medium,10,None,Land,Medium,Mobile Repair Shop,Technology,0.54,0.84
48,Female,Rural,Low,"Home Cleaning, Content Creation",Agriculture,Home-based,High,10,Secondary,Phone + Internet,High,Mushroom Cultivation,Agriculture,0.63,0.56
20,Female,Urban,High,"Paper Craft, Mushroom Cultivation",Domestic Services,Hybrid,Low,2,Primary,None,Medium,Cleaning Services,Domestic Services,0.9,0.6
21,Female,Rural,Medium,"Sewing, Home Cleaning, Video Editing, Pickle Making",Food & Beverage,Hybrid,Medium,9,None,Land,Low,Tiffin Service,Food & Beverage,0.66,0.94
23,Male,Semi-Urban,Low,"Cooking, Teaching",Apparel,Hybrid,Medium,5,Primary,Phone,Medium,Tailoring Business,Apparel,0.47,0.93
24,Female,Semi-Urban,Low,"Hair Styling, Embroidery",Education,Hybrid,Low,4,None,Phone,Low,Daycare Center,Education,0.81,0.9
49,Male,Semi-Urban,Medium,"Hair Styling, Food Delivery, Mobile Repair, Home Cleaning",Creative Services,Hybrid,Medium,8,Primary,Land,Low,Video Editing Service,Creative Services,0.85,0.74
30,Female,Rural,Low,"Mobile Repair, Reselling, Sewing, Content Creation",Education,Hybrid,Medium,6,None,Internet,Medium,Daycare Center,Education,0.45,0.61
30,Male,Urban,Low,"Hair Styling, Mushroom Cultivation, Tailoring, Paper Craft",Beauty,Hybrid,High,5,None,Phone,Medium,Mehendi Services,Beauty,0.48,0.93
25,Female,Urban,Low,"Video Editing, Teaching, Tailoring, Dairy Management",Domestic Services,Home-based,Medium,7,Secondary,Land + Vehicle,Medium,Cleaning Services,Domestic Services,0.74,0.93
37,Female,Semi-Urban,Low,"Teaching, Makeup, Candle Making",Apparel,Outdoor,High,6,Secondary,Phone + Internet,Medium,Embroidery Shop,Apparel,0.6,0.96
38,Male,Rural,Low,"Mushroom Cultivation, Dairy Management",Creative Services,Home-based,Medium,6,Secondary,Phone + Internet,High,Content Creation Agency,Creative Services,0.72,0.89
47,Female,Urban,Medium,"Crafting, Dairy Management",Domestic Services,Outdoor,Medium,4,Primary,Phone,High,Babysitting,Domestic Services,0.6,0.81
46,Male,Rural,Low,"Baking, Teaching",Food & Beverage,Outdoor,Low,10,None,Land + Vehicle,Medium,Homemade Pickles,Food & Beverage,0.43,0.91
53,Female,Urban,Low,"Home Cleaning, Makeup",Domestic Services,Hybrid,High,8,None,Vehicle,Medium,Home Cook,Domestic Services,0.68,0.71
24,Female,Urban,Medium,"Video Editing, Embroidery, Baking, Food Delivery",Beauty,Outdoor,High,4,Secondary,Vehicle,High,Home Salon,Beauty,0.89,0.7
40,Male,Rural,Low,"Makeup, Mushroom Cultivation",Agriculture,Hybrid,Medium,9,None,Land + Vehicle,Low,Poultry Business,Agriculture,0.41,0.79
37,Female,Urban,Medium,"Crafting, Cooking, Reselling",Creative Services,Outdoor,High,2,Secondary,None,Medium,Photography Studio,Creative Services,0.62,0.87
38,Female,Rural,Medium,"Makeup, Pickle Making, Embroidery",Agriculture,Hybrid,Medium,2,Secondary,None,High,Dairy Farming,Agriculture,0.55,0.94
23,Male,Urban,Medium,"Reselling, Dairy Management",Domestic Services,Home-based,Medium,3,Secondary,Phone + Internet,Low,Home Cook,Domestic Services,0.4,0.6
36,Female,Rural,Low,"Daycare Management, Tailoring, Cooking",Education,Outdoor,Medium,5,Secondary,Vehicle,High,Home Tuition,Education,0.65,0.97
54,Female,Semi-Urban,Low,"Sewing, Cooking, Baking",Apparel,Home-based,Medium,2,Secondary,None,Medium,Embroidery Shop,Apparel,0.47,0.55
30,Female,Rural,Medium,"Crafting, Paper Craft, Candle Making",Food & Beverage,Home-based,Low,3,Primary,Internet,High,Snack Stall,Food & Beverage,0.92,0.95
29,Female,Urban,Low,"Food Delivery, Digital Marketing, Farming, Makeup",Education,Home-based,Low,2,Primary,Land,High,Spoken English Classes,Education,0.77,0.74
18,Male,Urban,Low,"Makeup, Daycare Management, Poultry Care, Hair Styling",Domestic Services,Home-based,Low,3,Secondary,None,High,Cleaning Services,Domestic Services,0.44,0.7
48,Male,Rural,Low,"Pickle Making, Poultry Care, Mobile Repair",Beauty,Home-based,High,10,Secondary,Internet,High,Mehendi Services,Beauty,0.93,0.59
53,Male,Rural,Low,"Photography, Food Delivery, Poultry Care, Mushroom Cultivation",Beauty,Hybrid,High,10,Primary,Internet,High,Skincare Product Making,Beauty,0.9,0.89
42,Female,Urban,Low,"Farming, Makeup, Baking",E-commerce,Outdoor,High,4,None,Vehicle,Medium,Online Reselling,E-commerce,0.82,0.97
32,Female,Rural,Medium,"Video Editing, Poultry Care, Daycare Management",Creative Services,Home-based,Medium,2,Secondary,Vehicle,High,Video Editing Service,Creative Services,0.91,0.9
34,Male,Semi-Urban,Medium,"Farming, Dairy Management",Apparel,Outdoor,High,9,None,None,High,Embroidery Shop,Apparel,0.4,0.6
48,Female,Urban,Low,"Hair Styling, Poultry Care, Embroidery",Creative Services,Home-based,Low,7,None,Phone + Internet,High,Video Editing Service,Creative Services,0.81,0.8
33,Male,Rural,Medium,"Tailoring, Poultry Care, Candle Making, Mushroom Cultivation",Education,Hybrid,Medium,9,Secondary,Phone + Internet,Medium,Home Tuition,Education,0.82,0.94
21,Female,Urban,Low,"Poultry Care, Home Cleaning, Video Editing, Teaching",Education,Hybrid,Low,5,Primary,Internet,Medium,Daycare Center,Education,0.8,0.97
37,Female,Urban,Medium,"Daycare Management, Teaching, Dairy Management, Mobile Repair",Education,Home-based,Low,9,None,Land,High,Daycare Center,Education,0.44,0.99
38,Female,Rural,Medium,"Home Cleaning, Candle Making",Domestic Services,Outdoor,Low,7,Secondary,Internet,High,Babysitting,Domestic Services,0.64,0.93
41,Male,Rural,Medium,"Mushroom Cultivation, Farming, Baking, Poultry Care",Domestic Services,Hybrid,High,8,Primary,None,Medium,Babysitting,Domestic Services,0.42,0.68
32,Female,Urban,Low,"Makeup, Tailoring",Beauty,Hybrid,Low,4,None,Phone + Internet,Medium,Home Salon,Beauty,0.66,0.97
38,Female,Rural,Low,"Mobile Repair, Cooking, Pickle Making",Beauty,Hybrid,High,3,Secondary,Phone,Low,Skincare Product Making,Beauty,0.87,0.78
47,Female,Urban,Low,"Teaching, Crafting, Tailoring, Farming",Art & Craft,Outdoor,Medium,10,Secondary,Phone + Internet,Low,Candle Making,Art & Craft,0.86,0.75
18,Male,Rural,High,"Pickle Making, Baking, Makeup",Apparel,Hybrid,High,8,Secondary,None,High,Fabric Painting,Apparel,0.83,0.84
40,Female,Urban,Medium,"Embroidery, Pickle Making, Candle Making, Teaching",Art & Craft,Home-based,Low,7,None,Vehicle,High,Paper Crafts,Art & Craft,0.78,0.57
23,Female,Rural,Medium,"Cooking, Digital Marketing",Creative Services,Outdoor,Low,9,Primary,None,Low,Content Creation Agency,Creative Services,0.44,0.7
35,Female,Semi-Urban,Low,"Mushroom Cultivation, Paper Craft",Education,Hybrid,High,10,Secondary,Vehicle,High,Spoken English Classes,Education,0.73,0.85
34,Female,Rural,Medium,"Paper Craft, Crafting, Embroidery",Technology,Home-based,High,4,Secondary,Phone + Internet,High,YouTube Channel,Technology,0.64,0.74
25,Female,Semi-Urban,High,"Digital Marketing, Farming, Hair Styling",Domestic Services,Outdoor,Low,10,Secondary,Land,Medium,Cleaning Services,Domestic Services,0.6,0.77
41,Male,Rural,Medium,"Makeup, Daycare Management",Education,Home-based,Medium,8,Primary,Phone + Internet,Low,Daycare Center,Education,0.67,1.0
24,Female,Rural,Low,"Dairy Management, Farming, Digital Marketing",Art & Craft,Outdoor,High,10,Primary,None,High,Candle Making,Art & Craft,0.53,0.58
53,Female,Urban,Low,"Tailoring, Reselling",Agriculture,Outdoor,Medium,7,None,Vehicle,Low,Poultry Business,Agriculture,0.75,0.58
51,Female,Rural,Medium,"Food Delivery, Baking",Apparel,Outdoor,Medium,4,Primary,Phone,High,Fabric Painting,Apparel,0.65,0.63
55,Male,Semi-Urban,Low,"Content Creation, Mobile Repair, Tailoring, Pickle Making",Technology,Home-based,Medium,2,Primary,Vehicle,High,YouTube Channel,Technology,0.65,0.92
42,Female,Semi-Urban,Medium,"Mobile Repair, Candle Making, Teaching, Video Editing",Art & Craft,Hybrid,High,5,Secondary,Phone + Internet,Medium,Jewelry Design,Art & Craft,0.43,0.78
32,Female,Semi-Urban,Low,"Mushroom Cultivation, Home Cleaning",E-commerce,Hybrid,Medium,4,None,Land + Vehicle,Low,Dropshipping,E-commerce,0.61,0.85
37,Male,Urban,Low,"Crafting, Home Cleaning, Dairy Management, Teaching",Art & Craft,Outdoor,Medium,5,None,Land + Vehicle,Medium,Paper Crafts,Art & Craft,0.91,0.56
25,Female,Semi-Urban,Low,"Baking, Embroidery, Mushroom Cultivation, Makeup",Beauty,Home-based,Medium,4,None,Vehicle,Low,Skincare Product Making,Beauty,0.52,0.72
44,Female,Rural,Low,"Video Editing, Mushroom Cultivation",Creative Services,Outdoor,Medium,9,None,Phone + Internet,High,Content Creation Agency,Creative Services,0.55,0.53
35,Female,Semi-Urban,Low,"Digital Marketing, Pickle Making",Technology,Outdoor,Medium,9,Primary,Vehicle,Medium,YouTube Channel,Technology,0.5,0.7
47,Male,Semi-Urban,Low,"Poultry Care, Makeup, Daycare Management, Farming",Agriculture,Hybrid,Low,7,Secondary,Phone + Internet,Low,Mushroom Cultivation,Agriculture,0.82,0.51
50,Male,Rural,Low,"Poultry Care, Embroidery",Food & Beverage,Outdoor,Low,10,None,Phone + Internet,High,Homemade Pickles,Food & Beverage,0.7,0.78
36,Female,Rural,Low,"Teaching, Content Creation, Daycare Management",E-commerce,Outdoor,High,7,None,Phone + Internet,High,Handmade Products Store,E-commerce,0.77,0.85
40,Male,Rural,Medium,"Pickle Making, Sewing, Poultry Care, Makeup",Art & Craft,Home-based,Medium,5,Secondary,Land,Low,Jewelry Design,Art & Craft,0.55,0.91
30,Female,Urban,Low,"Candle Making, Poultry Care, Cooking, Sewing",Art & Craft,Home-based,High,4,Secondary,Land + Vehicle,High,Candle Making,Art & Craft,0.65,0.9
36,Male,Semi-Urban,Low,"Embroidery, Mobile Repair, Teaching",Beauty,Home-based,Low,5,Primary,Land + Vehicle,Medium,Mehendi Services,Beauty,0.79,0.85
26,Female,Rural,Medium,"Dairy Management, Crafting",E-commerce,Home-based,Medium,3,Primary,Internet,High,Online Reselling,E-commerce,0.46,0.72
31,Female,Semi-Urban,Low,"Mobile Repair, Makeup, Photography, Hair Styling",Beauty,Hybrid,High,5,None,Phone + Internet,Medium,Mehendi Services,Beauty,0.82,0.76
55,Male,Urban,High,"Food Delivery, Makeup",Apparel,Home-based,Low,8,Primary,Land,Medium,Embroidery Shop,Apparel,0.83,0.79
28,Male,Urban,High,"Paper Craft, Teaching",Food & Beverage,Home-based,Low,2,Secondary,Land + Vehicle,Low,Homemade Pickles,Food & Beverage,0.53,0.97
42,Female,Semi-Urban,High,"Hair Styling, Mushroom Cultivation, Mobile Repair, Daycare Management",E-commerce,Home-based,Medium,5,None,Phone,Low,Online Reselling,E-commerce,0.47,0.61
31,Female,Urban,High,"Farming, Paper Craft, Photography",Creative Services,Outdoor,Low,3,None,Internet,High,Video Editing Service,Creative Services,0.67,0.96
53,Female,Semi-Urban,Low,"Cooking, Mobile Repair, Baking",Beauty,Outdoor,Medium,8,Primary,None,Low,Mehendi Services,Beauty,0.85,0.58
54,Female,Semi-Urban,Low,"Dairy Management, Photography",Apparel,Hybrid,High,3,None,None,Medium,Fabric Painting,Apparel,0.75,0.63
28,Female,Semi-Urban,Low,"Mushroom Cultivation, Reselling",Education,Home-based,High,5,Primary,Phone,High,Daycare Center,Education,0.53,0.63
46,Female,Semi-Urban,Low,"Content Creation, Poultry Care",Food & Beverage,Outdoor,Medium,3,None,None,High,Snack Stall,Food & Beverage,0.8,0.6
20,Male,Semi-Urban,Low,"Cooking, Paper Craft, Digital Marketing, Dairy Management",Art & Craft,Hybrid,Medium,6,Secondary,None,Low,Paper Crafts,Art & Craft,0.48,0.9
48,Female,Urban,Low,"Makeup, Sewing",Technology,Outdoor,Medium,6,Secondary,Phone,High,Digital Marketing Agency,Technology,0.41,0.87
18,Male,Urban,Low,"Hair Styling, Paper Craft",Art & Craft,Home-based,High,9,Primary,Internet,High,Candle Making,Art & Craft,0.4,0.76
18,Male,Semi-Urban,Low,"Paper Craft, Home Cleaning",E-commerce,Hybrid,High,8,Primary,Land,Medium,Handmade Products Store,E-commerce,0.84,0.97
48,Female,Urban,Low,"Mushroom Cultivation, Hair Styling",Agriculture,Outdoor,Low,9,Secondary,Vehicle,High,Mushroom Cultivation,Agriculture,0.5,0.53
37,Female,Urban,Low,"Mobile Repair, Cooking, Paper Craft, Video Editing",Technology,Home-based,High,7,Primary,Land + Vehicle,Low,YouTube Channel,Technology,0.42,0.7
21,Female,Urban,Low,"Makeup, Candle Making",Creative Services,Outdoor,Low,7,Secondary,Internet,Medium,Video Editing Service,Creative Services,0.75,0.66
28,Female,Urban,Low,"Reselling, Cooking",Apparel,Outdoor,Medium,3,Secondary,Land,Low,Fabric Painting,Apparel,0.63,0.82
25,Female,Urban,Low,"Mobile Repair, Cooking, Video Editing",Creative Services,Hybrid,Medium,6,Primary,Phone,Low,Video Editing Service,Creative Services,0.59,0.85
52,Female,Rural,Low,"Digital Marketing, Hair Styling, Cooking, Video Editing",Beauty,Hybrid,High,9,Primary,Phone,High,Mehendi Services,Beauty,0.63,0.53
27,Female,Rural,High,"Makeup, Digital Marketing, Pickle Making, Paper Craft",Creative Services,Outdoor,Low,2,None,Vehicle,High,Photography Studio,Creative Services,0.4,0.71
31,Female,Urban,Low,"Mobile Repair, Tailoring",Art & Craft,Home-based,Medium,8,None,Internet,Medium,Candle Making,Art & Craft,0.6,0.67
19,Female,Semi-Urban,Low,"Sewing, Photography, Pickle Making",Beauty,Outdoor,Medium,8,Primary,Land,High,Skincare Product Making,Beauty,0.67,0.6
38,Male,Urban,Medium,"Baking, Home Cleaning, Pickle Making",E-commerce,Home-based,Medium,5,None,Vehicle,Medium,Online Reselling,E-commerce,0.54,0.85
18,Male,Rural,Low,"Dairy Management, Video Editing",E-commerce,Outdoor,Medium,8,Primary,Vehicle,High,Handmade Products Store,E-commerce,0.88,0.75
32,Male,Urban,Low,"Mushroom Cultivation, Farming",Art & Craft,Outdoor,Low,6,Secondary,Phone,High,Paper Crafts,Art & Craft,0.83,0.55
31,Female,Rural,Medium,"Makeup, Paper Craft, Content Creation, Farming",E-commerce,Hybrid,Low,3,None,Internet,Medium,Handmade Products Store,E-commerce,0.59,0.56
20,Female,Semi-Urban,Low,"Content Creation, Reselling",Domestic Services,Home-based,Medium,3,Primary,Land + Vehicle,High,Cleaning Services,Domestic Services,0.5,0.74
18,Female,Rural,Low,"Teaching, Food Delivery, Mushroom Cultivation",E-commerce,Hybrid,Low,10,Secondary,Internet,High,Dropshipping,E-commerce,0.6,0.58
26,Male,Urban,Low,"Pickle Making, Crafting, Mobile Repair",Agriculture,Home-based,Low,2,Secondary,Vehicle,Low,Mushroom Cultivation,Agriculture,0.57,0.53
33,Male,Urban,Medium,"Sewing, Tailoring, Poultry Care, Daycare Management",Food & Beverage,Hybrid,High,2,Secondary,Phone,Medium,Homemade Pickles,Food & Beverage,0.54,0.81
47,Male,Semi-Urban,Low,"Candle Making, Tailoring, Pickle Making, Daycare Management",Technology,Hybrid,High,4,Secondary,Land,Low,Digital Marketing Agency,Technology,0.85,0.7
39,Male,Semi-Urban,Low,"Tailoring, Paper Craft, Baking",Education,Outdoor,Medium,7,None,None,Low,Home Tuition,Education,0.87,0.77
44,Male,Rural,Low,"Video Editing, Content Creation, Sewing, Daycare Management",Creative Services,Home-based,Low,3,None,Phone + Internet,Low,Content Creation Agency,Creative Services,0.77,0.75
25,Female,Semi-Urban,Low,"Digital Marketing, Teaching, Baking",Beauty,Home-based,High,8,None,Phone,Medium,Home Salon,Beauty,0.9,0.99
45,Female,Urban,Medium,"Content Creation, Photography, Poultry Care, Sewing",Creative Services,Outdoor,High,2,Primary,Phone + Internet,Medium,Content Creation Agency,Creative Services,0.9,0.6
25,Female,Rural,Low,"Photography, Dairy Management, Content Creation",Technology,Home-based,High,2,Secondary,Internet,Low,Mobile Repair Shop,Technology,0.68,0.99
42,Female,Rural,Medium,"Candle Making, Embroidery, Content Creation, Daycare Management",Apparel,Hybrid,Medium,2,Secondary,None,Low,Fabric Painting,Apparel,0.63,0.81
24,Female,Rural,Medium,"Tailoring, Embroidery",Agriculture,Home-based,Low,2,None,Phone + Internet,Low,Dairy Farming,Agriculture,0.65,0.71
49,Female,Rural,Medium,"Teaching, Hair Styling",Food & Beverage,Home-based,High,8,None,Internet,High,Spice Mixing,Food & Beverage,0.6,0.99
23,Female,Rural,Low,"Pickle Making, Reselling",Agriculture,Outdoor,Low,4,Primary,Land,Medium,Mushroom Cultivation,Agriculture,0.45,0.62
48,Female,Semi-Urban,Low,"Daycare Management, Poultry Care, Candle Making",E-commerce,Outdoor,Low,5,Primary,Internet,Low,Handmade Products Store,E-commerce,0.44,0.9
26,Female,Rural,Medium,"Content Creation, Photography, Embroidery, Food Delivery",Creative Services,Home-based,Low,4,None,Land,Medium,Content Creation Agency,Creative Services,0.66,0.82
38,Female,Semi-Urban,Low,"Home Cleaning, Dairy Management, Poultry Care",Creative Services,Home-based,High,7,Primary,Land,Medium,Photography Studio,Creative Services,0.77,0.66
24,Female,Urban,Low,"Baking, Crafting, Poultry Care, Content Creation",Art & Craft,Outdoor,High,8,Secondary,Phone,Medium,Jewelry Design,Art & Craft,0.49,0.55
23,Female,Urban,Low,"Home Cleaning, Video Editing",Food & Beverage,Home-based,Low,7,None,Phone,Low,Tiffin Service,Food & Beverage,0.63,0.66
30,Female,Rural,Low,"Candle Making, Photography, Reselling",Agriculture,Home-based,High,9,None,Internet,Medium,Mushroom Cultivation,Agriculture,0.66,0.89
50,Female,Semi-Urban,Low,"Video Editing, Poultry Care, Reselling",Apparel,Home-based,Medium,7,None,Internet,Medium,Tailoring Business,Apparel,0.91,0.58
38,Female,Urban,High,"Tailoring, Cooking",Food & Beverage,Hybrid,Low,2,Secondary,Land + Vehicle,Medium,Tiffin Service,Food & Beverage,0.7,0.99
33,Female,Rural,Medium,"Daycare Management, Home Cleaning",Education,Home-based,Low,10,Secondary,Land,High,Home Tuition,Education,0.59,0.95
26,Male,Rural,Low,"Dairy Management, Home Cleaning",Apparel,Hybrid,High,8,None,Land + Vehicle,Low,Tailoring Business,Apparel,0.41,0.65
30,Female,Urban,Low,"Tailoring, Video Editing",Agriculture,Outdoor,Low,10,None,Land + Vehicle,Medium,Dairy Farming,Agriculture,0.63,0.81
28,Female,Semi-Urban,High,"Content Creation, Digital Marketing, Pickle Making",E-commerce,Outdoor,High,6,Secondary,Internet,High,Dropshipping,E-commerce,0.64,0.8
24,Female,Urban,Low,"Reselling, Daycare Management, Sewing, Digital Marketing",Creative Services,Hybrid,Low,9,Secondary,Internet,High,Photography Studio,Creative Services,0.54,0.89
40,Female,Semi-Urban,Medium,"Reselling, Cooking, Farming, Sewing",E-commerce,Hybrid,Medium,3,None,Land,High,Handmade Products Store,E-commerce,0.68,0.53
32,Female,Semi-Urban,Low,"Home Cleaning, Hair Styling, Dairy Management",Education,Outdoor,Low,5,None,Phone,Medium,Home Tuition,Education,0.74,0.64
42,Female,Semi-Urban,Medium,"Poultry Care, Home Cleaning, Paper Craft, Digital Marketing",Beauty,Home-based,Medium,2,Secondary,Phone + Internet,Low,Skincare Product Making,Beauty,0.76,0.94
49,Female,Urban,Low,"Poultry Care, Digital Marketing, Content Creation",Food & Beverage,Home-based,Low,6,None,Land,High,Snack Stall,Food & Beverage,0.88,0.67
35,Female,Semi-Urban,Low,"Makeup, Home Cleaning, Daycare Management",Agriculture,Hybrid,Low,9,None,Land + Vehicle,Low,Mushroom Cultivation,Agriculture,0.81,0.93
38,Female,Semi-Urban,High,"Pickle Making, Candle Making, Tailoring",Domestic Services,Outdoor,Low,2,Secondary,Internet,High,Home Cook,Domestic Services,0.91,0.97
44,Female,Rural,Low,"Baking, Digital Marketing, Daycare Management",E-commerce,Hybrid,Low,10,Secondary,Land,Low,Dropshipping,E-commerce,0.54,0.82
41,Female,Rural,Low,"Cooking, Mushroom Cultivation, Home Cleaning",Art & Craft,Hybrid,High,8,Primary,Land,High,Jewelry Design,Art & Craft,0.87,0.62
33,Female,Urban,Medium,"Poultry Care, Home Cleaning, Sewing, Content Creation",Domestic Services,Outdoor,High,10,None,None,Medium,Home Cook,Domestic Services,0.67,0.88
41,Female,Semi-Urban,Medium,"Teaching, Dairy Management",Domestic Services,Hybrid,High,5,None,Vehicle,Low,Cleaning Services,Domestic Services,0.73,0.76
43,Female,Semi-Urban,Low,"Home Cleaning, Poultry Care, Farming, Crafting",Education,Outdoor,Medium,5,Secondary,Phone,Low,Home Tuition,Education,0.57,0.85
33,Female,Rural,High,"Mobile Repair, Reselling",E-commerce,Home-based,Low,8,None,Internet,High,Handmade Products Store,E-commerce,0.95,0.68
38,Female,Urban,Low,"Hair Styling, Paper Craft",Technology,Home-based,High,6,Secondary,Phone + Internet,Low,YouTube Channel,Technology,0.67,0.55
20,Female,Urban,Low,"Daycare Management, Pickle Making",Domestic Services,Outdoor,Medium,9,Primary,Phone + Internet,Low,Babysitting,Domestic Services,0.72,0.91
21,Female,Semi-Urban,Medium,"Farming, Embroidery",E-commerce,Outdoor,Low,7,None,Land,High,Online Reselling,E-commerce,0.51,0.8
22,Female,Semi-Urban,Low,"Daycare Management, Paper Craft",E-commerce,Home-based,Medium,2,Primary,Internet,Low,Handmade Products Store,E-commerce,0.81,0.87
55,Female,Semi-Urban,Low,"Food Delivery, Video Editing",Technology,Outdoor,High,6,Secondary,Land + Vehicle,Medium,Mobile Repair Shop,Technology,0.86,0.61
41,Male,Rural,Low,"Sewing, Mushroom Cultivation, Mobile Repair",Beauty,Home-based,Low,6,None,Vehicle,Medium,Mehendi Services,Beauty,0.77,0.6
19,Female,Urban,Low,"Digital Marketing, Daycare Management",Food & Beverage,Outdoor,Medium,9,Primary,None,Low,Spice Mixing,Food & Beverage,0.83,0.72
19,Male,Semi-Urban,Low,"Embroidery, Candle Making, Poultry Care",Creative Services,Hybrid,Low,4,Secondary,Internet,Low,Video Editing Service,Creative Services,0.75,0.55
38,Female,Rural,Low,"Dairy Management, Home Cleaning",Creative Services,Hybrid,Low,10,Secondary,Phone + Internet,High,Video Editing Service,Creative Services,0.89,0.57
40,Female,Rural,Low,"Mushroom Cultivation, Reselling",Art & Craft,Hybrid,High,7,None,None,Medium,Candle Making,Art & Craft,0.8,0.67
52,Female,Rural,High,"Dairy Management, Daycare Management",Domestic Services,Home-based,Medium,2,Secondary,Land + Vehicle,High,Home Cook,Domestic Services,0.61,0.6
55,Male,Urban,High,"Mushroom Cultivation, Sewing",Technology,Home-based,Low,6,Secondary,Phone + Internet,Medium,YouTube Channel,Technology,0.65,0.81
55,Male,Urban,Low,"Home Cleaning, Baking, Farming, Food Delivery",Creative Services,Home-based,Medium,9,Secondary,Land + Vehicle,Low,Content Creation Agency,Creative Services,0.76,0.51
54,Female,Urban,Low,"Farming, Teaching, Paper Craft, Reselling",Technology,Home-based,Medium,9,Secondary,Phone + Internet,Low,Mobile Repair Shop,Technology,0.42,0.67
43,Female,Urban,Low,"Crafting, Home Cleaning, Teaching",E-commerce,Hybrid,Low,9,Primary,Internet,High,Handmade Products Store,E-commerce,0.59,0.73
28,Female,Semi-Urban,Low,"Dairy Management, Reselling",Food & Beverage,Outdoor,High,4,Secondary,Land + Vehicle,Low,Snack Stall,Food & Beverage,0.68,0.52
51,Male,Semi-Urban,Low,"Poultry Care, Tailoring",Education,Home-based,Low,4,None,Land + Vehicle,High,Daycare Center,Education,0.84,0.87
25,Male,Semi-Urban,Low,"Makeup, Cooking, Mushroom Cultivation",E-commerce,Hybrid,Medium,7,None,Vehicle,Low,Dropshipping,E-commerce,0.9,0.73
21,Female,Rural,Medium,"Content Creation, Reselling, Poultry Care, Sewing",Technology,Hybrid,Medium,2,Primary,None,Low,YouTube Channel,Technology,0.9,0.91
45,Female,Rural,Medium,"Food Delivery, Photography",Agriculture,Home-based,Low,10,Primary,Vehicle,Medium,Poultry Business,Agriculture,0.54,0.93
31,Male,Semi-Urban,Low,"Sewing, Video Editing, Dairy Management",Apparel,Outdoor,Medium,4,Secondary,Phone + Internet,High,Embroidery Shop,Apparel,0.94,0.79
50,Female,Rural,Low,"Candle Making, Tailoring, Embroidery",Apparel,Outdoor,Low,4,None,Phone,High,Fabric Painting,Apparel,0.42,0.98
49,Female,Semi-Urban,Medium,"Content Creation, Mushroom Cultivation",Agriculture,Hybrid,Medium,5,Primary,Land,High,Mushroom Cultivation,Agriculture,0.73,0.84
46,Female,Semi-Urban,High,"Food Delivery, Tailoring",Creative Services,Home-based,High,2,Primary,Phone + Internet,High,Photography Studio,Creative Services,0.79,0.98
31,Female,Urban,Medium,"Mobile Repair, Embroidery, Food Delivery",Education,Hybrid,Low,8,None,Land + Vehicle,Medium,Daycare Center,Education,0.83,0.96
47,Female,Semi-Urban,Medium,"Embroidery, Candle Making, Mobile Repair",Technology,Home-based,Medium,2,Secondary,Land,Medium,Digital Marketing Agency,Technology,0.63,0.84
41,Female,Rural,Low,"Baking, Photography",Domestic Services,Hybrid,High,6,Primary,None,Low,Home Cook,Domestic Services,0.51,0.87
48,Male,Rural,Low,"Poultry Care, Embroidery, Pickle Making",E-commerce,Outdoor,Medium,2,None,Vehicle,Low,Dropshipping,E-commerce,0.9,0.55
47,Female,Urban,Medium,"Tailoring, Mobile Repair",Technology,Home-based,Low,9,Primary,Land,Low,Digital Marketing Agency,Technology,0.69,0.84
51,Female,Semi-Urban,Low,"Digital Marketing, Pickle Making, Dairy Management",Food & Beverage,Hybrid,Low,7,Primary,Phone,High,Tiffin Service,Food & Beverage,0.52,0.88
27,Female,Rural,Low,"Food Delivery, Sewing",Technology,Outdoor,Medium,3,Secondary,Phone,Medium,Mobile Repair Shop,Technology,0.41,0.66
23,Female,Rural,Low,"Mushroom Cultivation, Poultry Care, Cooking, Dairy Management",E-commerce,Home-based,Low,5,Secondary,Phone + Internet,High,Dropshipping,E-commerce,0.93,0.75
35,Female,Semi-Urban,High,"Sewing, Dairy Management, Embroidery",E-commerce,Outdoor,Low,9,Secondary,Phone + Internet,High,Dropshipping,E-commerce,0.91,0.59
54,Female,Rural,Medium,"Embroidery, Mushroom Cultivation, Content Creation, Home Cleaning",Agriculture,Home-based,Low,5,Primary,Phone,Low,Poultry Business,Agriculture,0.62,0.74
55,Female,Rural,Low,"Cooking, Sewing",Art & Craft,Home-based,Low,10,Secondary,Land + Vehicle,High,Jewelry Design,Art & Craft,0.67,0.81
30,Male,Rural,Medium,"Candle Making, Baking",Domestic Services,Home-based,Low,3,Primary,None,Medium,Cleaning Services,Domestic Services,0.88,0.7
50,Female,Semi-Urban,High,"Reselling, Mushroom Cultivation, Crafting",Agriculture,Home-based,Medium,6,Primary,Land + Vehicle,High,Dairy Farming,Agriculture,0.48,0.72
42,Female,Semi-Urban,Low,"Makeup, Mushroom Cultivation",Creative Services,Hybrid,Medium,9,Secondary,None,Low,Content Creation Agency,Creative Services,0.66,0.52
21,Male,Semi-Urban,Low,"Photography, Video Editing, Daycare Management, Dairy Management",Food & Beverage,Home-based,High,9,Primary,Phone,Low,Snack Stall,Food & Beverage,0.84,0.67
25,Male,Urban,Medium,"Paper Craft, Photography, Video Editing",Agriculture,Hybrid,Medium,8,Secondary,Land,Low,Mushroom Cultivation,Agriculture,0.62,0.92
42,Female,Urban,Medium,"Sewing, Digital Marketing, Pickle Making",Creative Services,Outdoor,Medium,3,Secondary,Land,High,Video Editing Service,Creative Services,0.71,0.76
52,Female,Urban,High,"Mobile Repair, Crafting, Daycare Management, Dairy Management",Creative Services,Hybrid,High,9,None,Land + Vehicle,Low,Video Editing Service,Creative Services,0.67,0.54
31,Male,Rural,Medium,"Candle Making, Baking, Teaching, Poultry Care",Agriculture,Hybrid,Medium,7,Primary,None,Low,Dairy Farming,Agriculture,0.86,0.82
33,Female,Semi-Urban,Medium,"Mobile Repair, Candle Making",Creative Services,Hybrid,Low,5,None,Vehicle,High,Video Editing Service,Creative Services,0.45,0.81
40,Male,Urban,Medium,"Cooking, Sewing, Content Creation",Technology,Outdoor,High,9,None,Internet,Low,Digital Marketing Agency,Technology,0.81,0.98
23,Female,Urban,Low,"Teaching, Mobile Repair",Technology,Home-based,High,9,Secondary,Internet,High,YouTube Channel,Technology,0.67,0.73
50,Female,Semi-Urban,Medium,"Dairy Management, Mushroom Cultivation",Apparel,Outdoor,Low,9,Secondary,Internet,Low,Fabric Painting,Apparel,0.44,0.54
20,Female,Semi-Urban,Low,"Teaching, Poultry Care, Daycare Management",Apparel,Hybrid,High,6,Primary,None,High,Tailoring Business,Apparel,0.62,0.58
22,Female,Rural,Low,"Food Delivery, Teaching, Reselling, Candle Making",Food & Beverage,Hybrid,High,7,None,Phone,Low,Tiffin Service,Food & Beverage,0.53,0.84
30,Female,Urban,Medium,"Cooking, Teaching, Poultry Care",Technology,Outdoor,High,9,None,Internet,Low,YouTube Channel,Technology,0.41,0.5
46,Female,Semi-Urban,Low,"Makeup, Video Editing, Hair Styling, Pickle Making",Agriculture,Home-based,Medium,10,None,Phone + Internet,Low,Dairy Farming,Agriculture,0.78,0.59
27,Male,Semi-Urban,Medium,"Daycare Management, Teaching, Video Editing",Agriculture,Home-based,Low,10,None,Land + Vehicle,Medium,Mushroom Cultivation,Agriculture,0.74,0.94
28,Female,Rural,Medium,"Pickle Making, Daycare Management",Apparel,Home-based,Low,7,None,Vehicle,Low,Embroidery Shop,Apparel,0.57,0.52
33,Female,Semi-Urban,Medium,"Video Editing, Mobile Repair",Domestic Services,Home-based,Low,7,None,Vehicle,Medium,Home Cook,Domestic Services,0.64,0.92
18,Male,Semi-Urban,Low,"Hair Styling, Baking, Video Editing",Beauty,Outdoor,Medium,10,None,Phone,High,Skincare Product Making,Beauty,0.41,0.91
19,Male,Urban,High,"Digital Marketing, Reselling",Agriculture,Outdoor,High,2,None,Vehicle,Low,Poultry Business,Agriculture,0.94,0.69
37,Female,Rural,Low,"Tailoring, Digital Marketing, Video Editing",Agriculture,Outdoor,High,4,Secondary,Phone + Internet,High,Poultry Business,Agriculture,0.93,0.7
54,Female,Rural,Low,"Cooking, Hair Styling, Baking",Art & Craft,Hybrid,High,2,Primary,Phone,Low,Jewelry Design,Art & Craft,0.51,0.71
35,Female,Urban,Medium,"Daycare Management, Pickle Making, Candle Making, Makeup",Art & Craft,Home-based,High,6,Primary,Internet,Low,Jewelry Design,Art & Craft,0.75,0.73
18,Female,Semi-Urban,High,"Tailoring, Mobile Repair, Embroidery, Paper Craft",E-commerce,Hybrid,Medium,6,None,Land,High,Dropshipping,E-commerce,0.83,1.0
38,Female,Semi-Urban,Low,"Video Editing, Hair Styling, Tailoring",Education,Home-based,Low,4,Primary,Land,Medium,Home Tuition,Education,0.57,0.8
28,Male,Urban,Low,"Tailoring, Baking, Mushroom Cultivation, Teaching",E-commerce,Hybrid,Low,2,Primary,Phone,Low,Handmade Products Store,E-commerce,0.44,0.55
44,Female,Semi-Urban,Low,"Embroidery, Sewing, Photography, Baking",Agriculture,Outdoor,Medium,7,None,Land + Vehicle,High,Dairy Farming,Agriculture,0.56,0.65
26,Female,Semi-Urban,Low,"Reselling, Content Creation, Poultry Care",Art & Craft,Home-based,High,7,None,None,High,Candle Making,Art & Craft,0.74,0.96
48,Female,Semi-Urban,High,"Hair Styling, Home Cleaning, Reselling, Content Creation",Apparel,Home-based,Low,10,Secondary,Land,Medium,Embroidery Shop,Apparel,0.89,0.74
29,Female,Semi-Urban,Medium,"Tailoring, Crafting, Content Creation",Domestic Services,Home-based,High,8,Primary,Phone + Internet,Low,Babysitting,Domestic Services,0.53,0.58
40,Female,Urban,Low,"Mobile Repair, Dairy Management, Home Cleaning",Creative Services,Outdoor,High,10,Primary,Vehicle,Medium,Photography Studio,Creative Services,0.64,0.87
25,Female,Semi-Urban,Low,"Candle Making, Content Creation, Food Delivery, Cooking",Domestic Services,Hybrid,Low,7,Secondary,Land + Vehicle,High,Babysitting,Domestic Services,0.87,0.83
44,Female,Urban,Low,"Candle Making, Mobile Repair",Technology,Outdoor,Medium,8,Primary,None,Medium,Digital Marketing Agency,Technology,0.91,0.93
33,Female,Semi-Urban,Low,"Candle Making, Embroidery, Home Cleaning, Food Delivery",Technology,Outdoor,Low,3,None,None,High,Digital Marketing Agency,Technology,0.45,0.62
49,Female,Rural,Medium,"Mushroom Cultivation, Farming, Content Creation, Poultry Care",Technology,Home-based,High,6,Primary,Internet,Low,Mobile Repair Shop,Technology,0.79,0.88
20,Female,Urban,Medium,"Crafting, Poultry Care, Embroidery, Sewing",Art & Craft,Home-based,Medium,3,Primary,Land + Vehicle,Medium,Jewelry Design,Art & Craft,0.61,0.95
44,Female,Rural,High,"Candle Making, Mushroom Cultivation, Hair Styling",Technology,Hybrid,High,9,Primary,Land,Low,Mobile Repair Shop,Technology,0.63,0.99
45,Female,Semi-Urban,Medium,"Pickle Making, Photography, Food Delivery",E-commerce,Home-based,Medium,5,None,Land + Vehicle,Low,Handmade Products Store,E-commerce,0.59,0.83
41,Female,Rural,High,"Hair Styling, Cooking, Reselling, Sewing",Education,Hybrid,Low,4,Secondary,Internet,Low,Daycare Center,Education,0.47,0.56
32,Female,Semi-Urban,Low,"Sewing, Dairy Management",Technology,Hybrid,High,7,None,Internet,Medium,Mobile Repair Shop,Technology,0.89,0.52
23,Female,Rural,Low,"Video Editing, Hair Styling",Agriculture,Hybrid,Low,9,Primary,Internet,Medium,Poultry Business,Agriculture,0.66,0.99
49,Female,Rural,High,"Digital Marketing, Sewing, Mobile Repair, Reselling",E-commerce,Outdoor,High,7,Primary,None,Low,Handmade Products Store,E-commerce,0.68,0.87
29,Female,Semi-Urban,High,"Embroidery, Hair Styling",Food & Beverage,Hybrid,Medium,10,None,Land,High,Snack Stall,Food & Beverage,0.57,0.83
22,Female,Semi-Urban,Medium,"Baking, Content Creation",Agriculture,Hybrid,High,3,Secondary,Phone + Internet,Medium,Mushroom Cultivation,Agriculture,0.77,0.89
34,Female,Rural,Medium,"Makeup, Reselling",Art & Craft,Outdoor,Medium,8,Secondary,Vehicle,Medium,Paper Crafts,Art & Craft,0.56,0.73
47,Female,Semi-Urban,High,"Embroidery, Hair Styling, Reselling, Food Delivery",Technology,Home-based,Medium,7,Secondary,Internet,Medium,Digital Marketing Agency,Technology,0.54,0.94
22,Female,Rural,Medium,"Makeup, Daycare Management, Dairy Management, Candle Making",Art & Craft,Home-based,High,9,Secondary,Phone + Internet,Medium,Candle Making,Art & Craft,0.73,0.85
31,Female,Urban,Medium,"Teaching, Tailoring",Apparel,Outdoor,Low,8,Secondary,Land + Vehicle,Medium,Fabric Painting,Apparel,0.45,0.89
48,Male,Semi-Urban,Low,"Home Cleaning, Candle Making, Tailoring",Creative Services,Hybrid,High,8,Secondary,Internet,Medium,Video Editing Service,Creative Services,0.4,0.92
34,Female,Urban,Low,"Content Creation, Makeup, Poultry Care",Apparel,Hybrid,High,2,None,Land,High,Tailoring Business,Apparel,0.81,0.92
31,Female,Semi-Urban,Low,"Makeup, Teaching, Embroidery",Art & Craft,Home-based,Medium,5,Secondary,None,Low,Candle Making,Art & Craft,0.62,0.9
31,Female,Semi-Urban,Low,"Baking, Reselling, Video Editing",Creative Services,Home-based,Medium,10,Primary,Land + Vehicle,Low,Photography Studio,Creative Services,0.61,0.77
23,Female,Rural,Low,"Digital Marketing, Video Editing",Technology,Outdoor,High,7,Secondary,Vehicle,Medium,Digital Marketing Agency,Technology,0.53,0.7
30,Female,Semi-Urban,Low,"Pickle Making, Makeup, Mobile Repair",Technology,Hybrid,Medium,8,Secondary,Vehicle,Low,Digital Marketing Agency,Technology,0.71,0.85
23,Female,Urban,Low,"Makeup, Pickle Making",Education,Hybrid,Low,8,Primary,Land + Vehicle,Medium,Daycare Center,Education,0.76,0.64
31,Female,Rural,Medium,"Digital Marketing, Tailoring, Makeup, Photography",E-commerce,Home-based,Medium,3,Primary,Internet,Low,Dropshipping,E-commerce,0.53,0.69
37,Female,Urban,Low,"Sewing, Makeup",Education,Home-based,Low,9,Secondary,Land,Medium,Daycare Center,Education,0.89,0.78
49,Female,Semi-Urban,Medium,"Photography, Hair Styling, Farming, Mushroom Cultivation",Food & Beverage,Home-based,Medium,2,Secondary,Vehicle,Low,Spice Mixing,Food & Beverage,0.45,0.72
48,Female,Rural,Medium,"Tailoring, Pickle Making, Embroidery",Education,Outdoor,Medium,4,Secondary,Phone + Internet,High,Daycare Center,Education,0.43,0.88
46,Female,Semi-Urban,Low,"Reselling, Pickle Making, Farming",Education,Outdoor,High,4,None,Vehicle,Low,Home Tuition,Education,0.84,0.93
55,Female,Rural,Low,"Video Editing, Cooking, Photography, Candle Making",Creative Services,Outdoor,Low,7,Secondary,Land + Vehicle,Medium,Content Creation Agency,Creative Services,0.73,0.93
31,Male,Urban,Low,"Cooking, Teaching, Pickle Making, Candle Making",Apparel,Hybrid,Medium,2,None,Internet,Medium,Fabric Painting,Apparel,0.55,0.75
31,Female,Semi-Urban,Low,"Digital Marketing, Sewing, Content Creation, Pickle Making",Education,Outdoor,Medium,6,None,None,High,Spoken English Classes,Education,0.76,0.55
34,Female,Semi-Urban,Low,"Content Creation, Pickle Making, Embroidery, Cooking",Education,Outdoor,High,9,Primary,None,Medium,Home Tuition,Education,0.82,0.76
53,Female,Urban,Medium,"Embroidery, Hair Styling, Food Delivery, Farming",Beauty,Outdoor,Low,3,Primary,Phone + Internet,Low,Home Salon,Beauty,0.47,0.71
55,Female,Rural,Low,"Food Delivery, Mobile Repair, Mushroom Cultivation",Education,Home-based,High,6,Secondary,Land + Vehicle,Medium,Spoken English Classes,Education,0.68,0.91
34,Female,Semi-Urban,Low,"Teaching, Reselling, Candle Making",Domestic Services,Hybrid,Low,2,Primary,Vehicle,High,Babysitting,Domestic Services,0.52,0.91
46,Male,Rural,Low,"Baking, Pickle Making",Food & Beverage,Hybrid,Low,9,Primary,Phone,Medium,Tiffin Service,Food & Beverage,0.58,0.77
42,Female,Rural,Low,"Makeup, Cooking, Teaching, Digital Marketing",Agriculture,Outdoor,High,7,Primary,Land + Vehicle,High,Mushroom Cultivation,Agriculture,0.59,0.73
46,Male,Urban,High,"Home Cleaning, Tailoring",Domestic Services,Home-based,High,10,None,Phone,Low,Babysitting,Domestic Services,0.68,0.92
25,Female,Rural,Medium,"Candle Making, Tailoring",Creative Services,Hybrid,Medium,3,Secondary,Phone + Internet,Medium,Content Creation Agency,Creative Services,0.62,0.96
42,Female,Rural,Medium,"Food Delivery, Poultry Care, Tailoring, Crafting",Domestic Services,Hybrid,High,7,Secondary,Land + Vehicle,High,Home Cook,Domestic Services,0.6,0.96
42,Female,Semi-Urban,Medium,"Dairy Management, Mushroom Cultivation, Photography",Beauty,Home-based,Medium,4,None,None,Medium,Mehendi Services,Beauty,0.68,0.7
20,Female,Rural,Low,"Dairy Management, Poultry Care",Technology,Outdoor,Low,6,Primary,Internet,Medium,Mobile Repair Shop,Technology,0.78,0.85
53,Female,Urban,Medium,"Photography, Mushroom Cultivation, Dairy Management",Technology,Outdoor,Medium,8,Secondary,Land,Low,YouTube Channel,Technology,0.5,0.84
47,Female,Semi-Urban,Medium,"Food Delivery, Farming",Food & Beverage,Outdoor,Low,4,Secondary,Vehicle,High,Homemade Pickles,Food & Beverage,0.49,0.91
25,Male,Urban,Low,"Sewing, Food Delivery",Art & Craft,Outdoor,High,2,Secondary,Vehicle,Medium,Paper Crafts,Art & Craft,0.88,0.95
24,Female,Semi-Urban,Low,"Poultry Care, Mushroom Cultivation, Digital Marketing",E-commerce,Outdoor,High,6,Secondary,None,Medium,Handmade Products Store,E-commerce,0.46,0.84
45,Female,Rural,Medium,"Poultry Care, Dairy Management, Hair Styling",Apparel,Hybrid,High,4,Primary,Land,Medium,Tailoring Business,Apparel,0.94,0.53
48,Female,Urban,Low,"Candle Making, Mobile Repair, Sewing, Content Creation",Apparel,Outdoor,High,6,Secondary,Phone,High,Fabric Painting,Apparel,0.63,0.52
51,Female,Rural,Low,"Hair Styling, Home Cleaning, Reselling, Food Delivery",Food & Beverage,Home-based,Low,10,None,Internet,Low,Snack Stall,Food & Beverage,0.67,0.81
37,Male,Rural,Medium,"Hair Styling, Photography, Farming, Reselling",E-commerce,Hybrid,Low,9,None,Internet,Medium,Dropshipping,E-commerce,0.76,0.78
50,Female,Urban,Low,"Paper Craft, Candle Making, Hair Styling",E-commerce,Outdoor,High,2,Primary,Land + Vehicle,Low,Dropshipping,E-commerce,0.4,0.86
33,Female,Urban,Low,"Baking, Candle Making, Daycare Management, Makeup",Domestic Services,Outdoor,High,4,Secondary,Phone,Medium,Cleaning Services,Domestic Services,0.66,0.51
45,Female,Semi-Urban,Medium,"Pickle Making, Embroidery, Cooking, Food Delivery",Domestic Services,Home-based,Medium,2,Secondary,Phone + Internet,Medium,Babysitting,Domestic Services,0.69,0.97
30,Female,Semi-Urban,Low,"Candle Making, Sewing",Apparel,Home-based,Medium,2,Primary,Vehicle,Low,Embroidery Shop,Apparel,0.56,0.51
28,Female,Semi-Urban,Medium,"Dairy Management, Hair Styling, Cooking, Digital Marketing",Education,Home-based,Medium,9,Secondary,Phone,Medium,Home Tuition,Education,0.85,0.78
38,Female,Rural,Low,"Photography, Hair Styling",Agriculture,Outdoor,Low,2,Secondary,Land + Vehicle,Medium,Mushroom Cultivation,Agriculture,0.67,0.71
40,Female,Semi-Urban,Medium,"Candle Making, Sewing, Photography",Technology,Home-based,High,7,Secondary,Phone,Low,Digital Marketing Agency,Technology,0.63,0.61
43,Female,Semi-Urban,Medium,"Farming, Crafting, Paper Craft",Beauty,Hybrid,Medium,9,None,Phone,Low,Skincare Product Making,Beauty,0.5,0.56
34,Female,Rural,Medium,"Dairy Management, Teaching, Candle Making, Baking",Beauty,Outdoor,Medium,2,Secondary,Vehicle,Medium,Home Salon,Beauty,0.87,0.67
42,Female,Rural,Medium,"Mushroom Cultivation, Sewing",Domestic Services,Hybrid,Low,7,Secondary,None,High,Home Cook,Domestic Services,0.61,0.55
39,Female,Urban,Medium,"Poultry Care, Daycare Management, Mushroom Cultivation",Beauty,Home-based,Low,5,Primary,Vehicle,Medium,Mehendi Services,Beauty,0.54,0.98
20,Female,Semi-Urban,Low,"Reselling, Home Cleaning, Dairy Management",Food & Beverage,Outdoor,Low,6,None,Phone + Internet,Low,Tiffin Service,Food & Beverage,0.9,0.55
33,Female,Rural,Low,"Video Editing, Hair Styling, Tailoring, Content Creation",Creative Services,Outdoor,High,2,None,Internet,Low,Photography Studio,Creative Services,0.7,0.63
39,Female,Semi-Urban,Low,"Food Delivery, Cooking, Content Creation, Photography",Beauty,Hybrid,High,2,Primary,Vehicle,High,Skincare Product Making,Beauty,0.49,0.73
37,Male,Semi-Urban,High,"Candle Making, Digital Marketing, Daycare Management",Domestic Services,Outdoor,High,2,None,Phone + Internet,Medium,Home Cook,Domestic Services,0.76,0.61
28,Female,Urban,Medium,"Hair Styling, Teaching, Home Cleaning",Technology,Outdoor,High,3,Secondary,Land,Medium,Digital Marketing Agency,Technology,0.6,0.55
26,Male,Rural,Low,"Farming, Crafting, Mobile Repair, Photography",Agriculture,Hybrid,Medium,4,None,Vehicle,High,Dairy Farming,Agriculture,0.61,0.78
45,Female,Rural,Medium,"Sewing, Paper Craft, Makeup, Content Creation",Beauty,Outdoor,High,4,Primary,Land,High,Skincare Product Making,Beauty,0.52,0.78
24,Female,Rural,Low,"Food Delivery, Reselling, Digital Marketing",Domestic Services,Outdoor,High,2,Primary,Phone + Internet,High,Cleaning Services,Domestic Services,0.66,0.82
47,Female,Rural,Medium,"Crafting, Farming, Makeup, Baking",Beauty,Outdoor,Medium,10,Secondary,Land,Low,Skincare Product Making,Beauty,0.62,0.94
38,Female,Semi-Urban,Low,"Candle Making, Hair Styling",Education,Hybrid,Low,10,Primary,Vehicle,Medium,Spoken English Classes,Education,0.6,0.8
55,Female,Rural,Low,"Farming, Candle Making, Video Editing, Reselling",Agriculture,Hybrid,Low,8,Primary,Land,Low,Poultry Business,Agriculture,0.84,0.95
47,Female,Urban,Low,"Hair Styling, Photography",Beauty,Hybrid,High,9,Secondary,Phone,Low,Skincare Product Making,Beauty,0.54,0.75
26,Female,Semi-Urban,Low,"Dairy Management, Poultry Care, Mushroom Cultivation, Home Cleaning",Creative Services,Outdoor,High,9,None,Internet,High,Photography Studio,Creative Services,0.48,0.93
22,Female,Semi-Urban,Low,"Candle Making, Pickle Making",Domestic Services,Home-based,Medium,7,None,None,High,Babysitting,Domestic Services,0.72,0.84
19,Female,Urban,Low,"Video Editing, Cooking, Teaching, Embroidery",E-commerce,Hybrid,High,8,Secondary,Phone + Internet,Medium,Online Reselling,E-commerce,0.79,0.81
29,Female,Urban,Medium,"Mobile Repair, Hair Styling",Food & Beverage,Home-based,High,6,Secondary,Phone,Low,Tiffin Service,Food & Beverage,0.66,0.66
19,Female,Urban,Medium,"Crafting, Video Editing",E-commerce,Hybrid,High,3,Secondary,Internet,Low,Handmade Products Store,E-commerce,0.91,0.51
43,Female,Rural,High,"Tailoring, Pickle Making",E-commerce,Hybrid,High,5,None,Phone,Low,Handmade Products Store,E-commerce,0.57,0.97
40,Female,Rural,Low,"Daycare Management, Home Cleaning, Crafting",Technology,Home-based,High,5,Secondary,Internet,High,YouTube Channel,Technology,0.44,0.69
51,Female,Rural,Low,"Photography, Mushroom Cultivation",Food & Beverage,Hybrid,Medium,2,None,Phone + Internet,High,Tiffin Service,Food & Beverage,0.52,0.55
30,Male,Semi-Urban,Low,"Video Editing, Digital Marketing, Food Delivery",Domestic Services,Hybrid,High,3,None,Phone + Internet,High,Cleaning Services,Domestic Services,0.61,0.96
50,Male,Rural,Low,"Cooking, Photography",Education,Home-based,Low,5,Secondary,Vehicle,Low,Daycare Center,Education,0.68,0.79
32,Female,Urban,Low,"Mushroom Cultivation, Hair Styling, Video Editing",Creative Services,Hybrid,High,5,Primary,None,Low,Photography Studio,Creative Services,0.79,0.51
51,Female,Urban,Low,"Digital Marketing, Food Delivery",Education,Outdoor,Medium,6,Secondary,Vehicle,Low,Home Tuition,Education,0.72,0.75
33,Female,Semi-Urban,Low,"Content Creation, Mushroom Cultivation",Agriculture,Outdoor,Medium,6,Primary,Phone,Low,Poultry Business,Agriculture,0.79,0.55
26,Female,Rural,Low,"Paper Craft, Reselling",Agriculture,Home-based,Medium,3,Secondary,Land,Medium,Mushroom Cultivation,Agriculture,0.5,0.73
54,Female,Semi-Urban,High,"Hair Styling, Dairy Management",E-commerce,Home-based,Medium,4,Primary,None,Medium,Handmade Products Store,E-commerce,0.63,0.57
44,Female,Urban,Low,"Tailoring, Cooking, Teaching",Domestic Services,Home-based,High,2,None,Phone + Internet,High,Babysitting,Domestic Services,0.48,0.81
34,Male,Urban,Medium,"Reselling, Daycare Management",Agriculture,Home-based,Low,9,None,Vehicle,Low,Dairy Farming,Agriculture,0.56,0.69
41,Female,Semi-Urban,High,"Baking, Crafting, Embroidery, Food Delivery",Food & Beverage,Hybrid,High,7,Secondary,Phone,Medium,Homemade Pickles,Food & Beverage,0.91,0.67
41,Male,Urban,Medium,"Pickle Making, Daycare Management, Embroidery, Food Delivery",E-commerce,Home-based,High,3,None,Vehicle,Low,Online Reselling,E-commerce,0.71,0.93
46,Male,Urban,Low,"Video Editing, Sewing",E-commerce,Home-based,Low,7,None,Phone,Low,Handmade Products Store,E-commerce,0.89,0.78
30,Male,Semi-Urban,Medium,"Farming, Daycare Management",E-commerce,Home-based,High,9,Secondary,None,High,Dropshipping,E-commerce,0.85,0.66
18,Female,Rural,Medium,"Dairy Management, Home Cleaning, Sewing",Beauty,Outdoor,Low,4,None,Internet,Low,Home Salon,Beauty,0.53,0.51
39,Female,Semi-Urban,Medium,"Baking, Food Delivery, Photography, Pickle Making",Education,Hybrid,Low,2,None,Phone + Internet,Low,Spoken English Classes,Education,0.43,0.81
25,Female,Rural,Medium,"Food Delivery, Poultry Care",E-commerce,Home-based,Medium,7,None,None,Medium,Online Reselling,E-commerce,0.46,0.9
22,Female,Rural,Low,"Embroidery, Hair Styling",Agriculture,Home-based,Low,4,Primary,Vehicle,Medium,Dairy Farming,Agriculture,0.84,0.94
18,Female,Rural,Low,"Reselling, Embroidery, Video Editing, Crafting",Food & Beverage,Home-based,Low,3,Secondary,Phone,Low,Spice Mixing,Food & Beverage,0.85,0.52
33,Male,Urban,Low,"Daycare Management, Baking, Pickle Making, Makeup",Education,Outdoor,Low,9,Secondary,Phone + Internet,Medium,Home Tuition,Education,0.93,0.61
51,Female,Rural,Low,"Daycare Management, Teaching, Photography",Beauty,Home-based,High,7,Primary,Internet,Low,Skincare Product Making,Beauty,0.92,0.53
51,Male,Rural,High,"Dairy Management, Video Editing, Paper Craft",Apparel,Hybrid,Low,7,Secondary,Land + Vehicle,Low,Tailoring Business,Apparel,0.91,0.78
38,Female,Rural,Low,"Daycare Management, Mushroom Cultivation, Tailoring",Agriculture,Hybrid,Low,7,Secondary,Internet,Medium,Mushroom Cultivation,Agriculture,0.7,0.63
47,Male,Semi-Urban,Low,"Candle Making, Paper Craft",Food & Beverage,Outdoor,Medium,4,None,Internet,Low,Snack Stall,Food & Beverage,0.91,0.63
37,Male,Semi-Urban,Medium,"Pickle Making, Baking",Beauty,Hybrid,Medium,3,Primary,Vehicle,Medium,Home Salon,Beauty,0.74,0.53
40,Female,Semi-Urban,Medium,"Poultry Care, Paper Craft, Baking, Food Delivery",Apparel,Hybrid,Low,7,None,Phone,Medium,Tailoring Business,Apparel,0.89,0.81
37,Female,Semi-Urban,Medium,"Mushroom Cultivation, Candle Making, Hair Styling, Paper Craft",Creative Services,Outdoor,Low,8,Primary,Phone,Medium,Photography Studio,Creative Services,0.63,0.67
21,Female,Semi-Urban,Low,"Farming, Poultry Care",Beauty,Outdoor,High,9,Primary,Vehicle,Low,Mehendi Services,Beauty,0.47,0.84
34,Female,Urban,Low,"Food Delivery, Dairy Management",Creative Services,Outdoor,High,2,Secondary,None,High,Photography Studio,Creative Services,0.52,0.62
37,Female,Rural,Low,"Dairy Management, Paper Craft",Beauty,Home-based,High,5,Primary,Land + Vehicle,High,Skincare Product Making,Beauty,0.69,0.83
54,Male,Semi-Urban,Medium,"Pickle Making, Baking",Apparel,Home-based,Medium,2,Primary,Land,Low,Tailoring Business,Apparel,0.9,0.7
46,Female,Urban,High,"Paper Craft, Sewing",Food & Beverage,Home-based,High,10,None,Phone + Internet,Low,Homemade Pickles,Food & Beverage,0.59,0.63
51,Male,Rural,Low,"Crafting, Digital Marketing, Candle Making",Food & Beverage,Outdoor,Medium,2,Secondary,Land,High,Tiffin Service,Food & Beverage,0.75,0.87
45,Female,Urban,Low,"Tailoring, Mushroom Cultivation, Digital Marketing",Apparel,Home-based,Low,8,Primary,Phone,Medium,Fabric Painting,Apparel,0.8,0.84
34,Male,Rural,High,"Photography, Mobile Repair, Daycare Management, Home Cleaning",Agriculture,Hybrid,Medium,5,None,Internet,High,Poultry Business,Agriculture,0.49,0.92
39,Female,Urban,Low,"Farming, Reselling",Technology,Home-based,Medium,3,Primary,Internet,Medium,Digital Marketing Agency,Technology,0.45,0.91
27,Female,Urban,Medium,"Dairy Management, Teaching",Food & Beverage,Outdoor,High,7,None,Internet,Low,Snack Stall,Food & Beverage,0.59,0.67
47,Female,Rural,Low,"Mobile Repair, Embroidery, Makeup",Apparel,Home-based,Medium,2,Primary,Land + Vehicle,Medium,Tailoring Business,Apparel,0.52,0.71
47,Female,Semi-Urban,Medium,"Dairy Management, Pickle Making",Art & Craft,Home-based,Medium,10,None,Vehicle,High,Jewelry Design,Art & Craft,0.68,0.97
51,Female,Semi-Urban,Low,"Teaching, Pickle Making",Technology,Outdoor,Medium,4,Primary,Land,Medium,Mobile Repair Shop,Technology,0.9,0.7
53,Male,Urban,High,"Reselling, Digital Marketing, Makeup",Food & Beverage,Outdoor,Low,2,None,Vehicle,Low,Tiffin Service,Food & Beverage,0.55,0.84
38,Female,Urban,Low,"Candle Making, Daycare Management, Makeup",Creative Services,Outdoor,High,10,None,Phone,Medium,Photography Studio,Creative Services,0.57,0.8
32,Female,Rural,Low,"Candle Making, Dairy Management",Creative Services,Hybrid,Medium,7,None,Vehicle,Low,Video Editing Service,Creative Services,0.82,0.57
40,Female,Rural,Low,"Sewing, Teaching",Creative Services,Outdoor,Low,4,Secondary,Vehicle,High,Photography Studio,Creative Services,0.62,0.85
37,Female,Rural,Low,"Baking, Dairy Management",Beauty,Outdoor,Medium,2,Secondary,Land,Low,Mehendi Services,Beauty,0.89,0.51
40,Female,Semi-Urban,Medium,"Daycare Management, Hair Styling, Candle Making",Creative Services,Home-based,High,6,Primary,Internet,Medium,Content Creation Agency,Creative Services,0.61,0.89
37,Male,Urban,Medium,"Embroidery, Paper Craft",Technology,Home-based,Low,7,Primary,None,Low,Digital Marketing Agency,Technology,0.83,0.71
37,Female,Urban,Medium,"Video Editing, Food Delivery, Pickle Making",Food & Beverage,Hybrid,Low,9,Primary,Vehicle,High,Tiffin Service,Food & Beverage,0.42,0.8
19,Female,Semi-Urban,Low,"Mobile Repair, Digital Marketing, Reselling, Cooking",Creative Services,Home-based,Medium,2,None,Land + Vehicle,Low,Video Editing Service,Creative Services,0.55,0.56
22,Female,Urban,Low,"Food Delivery, Teaching, Paper Craft, Sewing",Technology,Hybrid,Medium,5,Primary,Land + Vehicle,Low,Mobile Repair Shop,Technology,0.76,0.57
53,Female,Rural,Low,"Dairy Management, Mushroom Cultivation",Beauty,Outdoor,High,5,Secondary,Internet,High,Mehendi Services,Beauty,0.44,0.86
50,Female,Semi-Urban,Medium,"Photography, Mobile Repair, Baking, Daycare Management",Food & Beverage,Outdoor,High,4,Primary,Land,Medium,Homemade Pickles,Food & Beverage,0.46,0.72
42,Male,Rural,Medium,"Mushroom Cultivation, Digital Marketing, Dairy Management, Video Editing",Food & Beverage,Outdoor,Medium,8,Primary,Land,High,Snack Stall,Food & Beverage,0.76,0.96
48,Male,Semi-Urban,Medium,"Mobile Repair, Content Creation",Technology,Hybrid,Low,10,Secondary,Internet,High,Digital Marketing Agency,Technology,0.94,0.84
19,Female,Semi-Urban,Low,"Embroidery, Pickle Making, Dairy Management",Food & Beverage,Hybrid,Medium,4,None,Vehicle,High,Spice Mixing,Food & Beverage,0.55,0.8
37,Female,Rural,High,"Home Cleaning, Video Editing",Art & Craft,Hybrid,Low,6,Secondary,Vehicle,Low,Jewelry Design,Art & Craft,0.42,0.51
46,Female,Urban,Low,"Poultry Care, Crafting, Paper Craft, Teaching",Education,Outdoor,Medium,6,None,None,High,Daycare Center,Education,0.91,0.81
25,Male,Urban,Low,"Teaching, Sewing",E-commerce,Outdoor,High,9,None,Phone + Internet,High,Dropshipping,E-commerce,0.79,0.73
19,Female,Urban,Low,"Farming, Photography, Home Cleaning",Education,Home-based,Low,7,Primary,Land,Medium,Home Tuition,Education,0.63,0.85
52,Female,Urban,Low,"Hair Styling, Cooking, Embroidery",Education,Home-based,Medium,6,Secondary,Land,Low,Home Tuition,Education,0.62,0.6
48,Female,Urban,Low,"Daycare Management, Sewing",Apparel,Outdoor,High,5,Primary,Land,Medium,Embroidery Shop,Apparel,0.92,0.95
20,Female,Semi-Urban,Low,"Crafting, Pickle Making, Baking",Apparel,Outdoor,Low,5,Primary,Vehicle,Low,Fabric Painting,Apparel,0.56,0.84
38,Female,Rural,Low,"Mobile Repair, Makeup, Paper Craft, Food Delivery",Domestic Services,Home-based,Medium,3,None,Phone + Internet,Low,Babysitting,Domestic Services,0.79,0.75
49,Female,Urban,Low,"Teaching, Sewing, Daycare Management, Hair Styling",Food & Beverage,Outdoor,Low,7,None,None,High,Tiffin Service,Food & Beverage,0.53,0.79
22,Female,Semi-Urban,Low,"Farming, Poultry Care, Sewing, Content Creation",Food & Beverage,Home-based,Medium,7,Primary,Internet,Low,Tiffin Service,Food & Beverage,0.57,0.53
25,Male,Semi-Urban,Low,"Dairy Management, Pickle Making, Food Delivery",Education,Home-based,Low,7,Primary,Land + Vehicle,Medium,Spoken English Classes,Education,0.79,0.65
35,Female,Urban,Low,"Teaching, Video Editing",Agriculture,Home-based,Medium,9,Secondary,Land,Low,Poultry Business,Agriculture,0.67,0.91
39,Female,Semi-Urban,Low,"Pickle Making, Paper Craft, Reselling, Dairy Management",Agriculture,Outdoor,Medium,5,None,None,Medium,Dairy Farming,Agriculture,0.78,0.98
19,Female,Rural,Medium,"Embroidery, Pickle Making, Home Cleaning",Agriculture,Home-based,Low,3,Secondary,Land + Vehicle,Medium,Mushroom Cultivation,Agriculture,0.77,0.88
51,Female,Urban,Medium,"Crafting, Poultry Care, Video Editing, Digital Marketing",Food & Beverage,Home-based,Low,8,Secondary,Land,Low,Homemade Pickles,Food & Beverage,0.84,0.96
51,Male,Rural,Low,"Pickle Making, Video Editing",Creative Services,Outdoor,High,4,None,Phone,High,Photography Studio,Creative Services,0.4,0.98
26,Female,Semi-Urban,Medium,"Hair Styling, Makeup, Crafting, Daycare Management",Apparel,Hybrid,Low,6,None,Land,Medium,Fabric Painting,Apparel,0.57,0.9
49,Female,Semi-Urban,Low,"Tailoring, Daycare Management",Agriculture,Home-based,Medium,6,Secondary,Vehicle,Low,Mushroom Cultivation,Agriculture,0.78,0.7
44,Male,Urban,Low,"Embroidery, Baking, Photography, Sewing",Apparel,Outdoor,Medium,5,Primary,Land,Low,Embroidery Shop,Apparel,0.67,0.97
50,Female,Semi-Urban,Medium,"Makeup, Hair Styling, Daycare Management",Agriculture,Home-based,High,10,Secondary,Land,Low,Mushroom Cultivation,Agriculture,0.43,0.8
18,Male,Rural,Low,"Photography, Baking, Daycare Management",Food & Beverage,Hybrid,Low,10,Secondary,Phone + Internet,Medium,Spice Mixing,Food & Beverage,0.93,0.72
44,Male,Rural,Low,"Pickle Making, Poultry Care, Mushroom Cultivation",E-commerce,Outdoor,Low,6,None,Land,High,Online Reselling,E-commerce,0.48,0.87
54,Female,Semi-Urban,Low,"Content Creation, Paper Craft",E-commerce,Hybrid,High,4,Secondary,Vehicle,High,Online Reselling,E-commerce,0.87,0.53
35,Female,Rural,High,"Candle Making, Food Delivery, Embroidery, Makeup",Apparel,Hybrid,High,2,Secondary,Phone,Low,Embroidery Shop,Apparel,0.82,0.81
55,Male,Urban,High,"Makeup, Farming, Paper Craft, Reselling",Agriculture,Hybrid,Medium,9,Primary,Phone,Low,Dairy Farming,Agriculture,0.6,0.54
42,Female,Semi-Urban,Medium,"Video Editing, Hair Styling, Digital Marketing",Agriculture,Hybrid,High,3,Primary,Vehicle,High,Poultry Business,Agriculture,0.62,0.56
40,Female,Urban,Low,"Tailoring, Home Cleaning",Beauty,Hybrid,Medium,7,Primary,Land,Medium,Mehendi Services,Beauty,0.53,0.99
30,Female,Semi-Urban,Low,"Dairy Management, Tailoring, Baking, Photography",E-commerce,Home-based,Medium,6,None,Vehicle,High,Handmade Products Store,E-commerce,0.43,0.92
27,Female,Urban,Medium,"Sewing, Daycare Management, Home Cleaning",Education,Home-based,Medium,6,Secondary,Internet,Medium,Spoken English Classes,Education,0.81,0.92
47,Female,Urban,Low,"Pickle Making, Farming",Food & Beverage,Hybrid,Medium,3,Primary,Phone,High,Snack Stall,Food & Beverage,0.57,0.86
23,Female,Semi-Urban,Medium,"Food Delivery, Embroidery, Content Creation",Domestic Services,Outdoor,High,8,None,Land,High,Home Cook,Domestic Services,0.85,0.9
31,Female,Urban,Low,"Embroidery, Food Delivery",Domestic Services,Hybrid,High,6,Secondary,Phone,Low,Babysitting,Domestic Services,0.94,0.89
21,Female,Rural,Medium,"Video Editing, Paper Craft, Makeup, Mushroom Cultivation",Art & Craft,Outdoor,High,10,Secondary,Internet,Medium,Paper Crafts,Art & Craft,0.91,0.75
48,Female,Rural,Low,"Paper Craft, Baking, Candle Making",E-commerce,Home-based,Medium,8,Secondary,Land,Low,Handmade Products Store,E-commerce,0.57,0.57
49,Female,Semi-Urban,Low,"Cooking, Reselling, Baking",Education,Home-based,Low,8,None,Land + Vehicle,Medium,Spoken English Classes,Education,0.55,0.99
48,Female,Rural,Low,"Pickle Making, Mobile Repair",Food & Beverage,Home-based,High,5,None,Vehicle,Medium,Tiffin Service,Food & Beverage,0.54,0.65
19,Female,Urban,Medium,"Farming, Mushroom Cultivation, Content Creation",Agriculture,Home-based,Low,5,Secondary,Phone,High,Poultry Business,Agriculture,0.88,0.77
21,Female,Urban,Medium,"Embroidery, Crafting",Technology,Hybrid,Low,2,Secondary,Phone,Low,Mobile Repair Shop,Technology,0.59,0.86
34,Female,Urban,Medium,"Sewing, Mushroom Cultivation, Makeup",Creative Services,Home-based,High,8,Primary,Vehicle,Low,Video Editing Service,Creative Services,0.49,0.96
55,Male,Rural,High,"Mobile Repair, Teaching, Crafting",Technology,Home-based,Low,5,None,Phone + Internet,Low,Mobile Repair Shop,Technology,0.88,0.96
29,Male,Semi-Urban,Low,"Farming, Teaching, Baking",Beauty,Home-based,Medium,6,Secondary,Vehicle,High,Mehendi Services,Beauty,0.95,0.93
19,Female,Rural,Low,"Video Editing, Paper Craft",Food & Beverage,Home-based,High,10,Secondary,Land,Medium,Snack Stall,Food & Beverage,0.49,0.98
46,Female,Urban,Medium,"Hair Styling, Crafting, Mobile Repair, Makeup",Art & Craft,Hybrid,Medium,10,None,Internet,Low,Jewelry Design,Art & Craft,0.81,0.52
53,Male,Rural,Low,"Reselling, Poultry Care",Domestic Services,Hybrid,Medium,7,None,Phone + Internet,Low,Babysitting,Domestic Services,0.54,0.67
49,Female,Urban,Low,"Mushroom Cultivation, Dairy Management, Poultry Care, Home Cleaning",Apparel,Outdoor,Medium,2,Primary,Phone,Medium,Tailoring Business,Apparel,0.93,0.6
42,Female,Urban,Low,"Video Editing, Teaching",Food & Beverage,Outdoor,Low,8,Secondary,Land + Vehicle,Medium,Homemade Pickles,Food & Beverage,0.49,0.96
25,Male,Semi-Urban,Low,"Content Creation, Photography, Digital Marketing, Baking",Creative Services,Home-based,Low,6,Primary,None,Medium,Photography Studio,Creative Services,0.79,0.7
53,Female,Rural,Low,"Makeup, Digital Marketing, Photography",Art & Craft,Hybrid,Low,4,Secondary,Phone + Internet,Low,Jewelry Design,Art & Craft,0.43,0.72
21,Female,Rural,Low,"Reselling, Tailoring, Dairy Management, Farming",Agriculture,Outdoor,Low,4,Primary,Phone,High,Mushroom Cultivation,Agriculture,0.81,0.86
48,Female,Semi-Urban,Low,"Pickle Making, Mobile Repair, Teaching, Candle Making",Agriculture,Home-based,Medium,6,None,Internet,Medium,Mushroom Cultivation,Agriculture,0.78,0.69
52,Female,Urban,Low,"Poultry Care, Pickle Making, Mushroom Cultivation",Agriculture,Home-based,Medium,2,Primary,None,High,Poultry Business,Agriculture,0.57,0.62
33,Female,Semi-Urban,Medium,"Video Editing, Photography",E-commerce,Home-based,Medium,2,Secondary,Phone,High,Dropshipping,E-commerce,0.65,0.92
50,Female,Urban,Low,"Embroidery, Home Cleaning, Reselling",Apparel,Home-based,High,4,None,Phone,Medium,Tailoring Business,Apparel,0.61,0.8
36,Male,Rural,Medium,"Teaching, Embroidery",Agriculture,Hybrid,Low,7,Secondary,Phone,Medium,Mushroom Cultivation,Agriculture,0.56,0.73
55,Female,Rural,Low,"Hair Styling, Photography, Mushroom Cultivation, Pickle Making",Food & Beverage,Hybrid,Low,7,None,Vehicle,High,Homemade Pickles,Food & Beverage,0.7,0.66
31,Female,Rural,Medium,"Farming, Embroidery, Daycare Management",Agriculture,Home-based,Medium,5,None,Vehicle,Medium,Poultry Business,Agriculture,0.76,0.84
22,Female,Urban,Low,"Daycare Management, Home Cleaning",Agriculture,Hybrid,High,7,Primary,Vehicle,Medium,Mushroom Cultivation,Agriculture,0.57,0.69
26,Female,Rural,Low,"Home Cleaning, Hair Styling, Dairy Management",Apparel,Outdoor,Medium,7,None,Land,Medium,Embroidery Shop,Apparel,0.44,0.55
48,Female,Semi-Urban,Low,"Food Delivery, Daycare Management, Video Editing",Food & Beverage,Home-based,Low,5,None,Internet,Medium,Tiffin Service,Food & Beverage,0.73,0.98
30,Female,Semi-Urban,Low,"Video Editing, Embroidery, Photography, Baking",Technology,Home-based,High,6,None,Phone,High,Mobile Repair Shop,Technology,0.69,0.83
47,Female,Rural,Low,"Crafting, Dairy Management, Video Editing, Reselling",Domestic Services,Hybrid,Medium,5,Primary,None,Medium,Babysitting,Domestic Services,0.73,0.88
49,Female,Semi-Urban,Medium,"Candle Making, Digital Marketing",Technology,Hybrid,High,4,Primary,Vehicle,Low,Digital Marketing Agency,Technology,0.75,0.82
31,Female,Rural,Low,"Makeup, Hair Styling",Apparel,Hybrid,Medium,3,Primary,None,Medium,Tailoring Business,Apparel,0.93,0.7
21,Female,Rural,Low,"Baking, Mobile Repair, Digital Marketing",E-commerce,Outdoor,High,6,Primary,None,High,Online Reselling,E-commerce,0.83,0.97
40,Female,Semi-Urban,Medium,"Daycare Management, Photography",Food & Beverage,Outdoor,Medium,4,Secondary,Vehicle,Low,Spice Mixing,Food & Beverage,0.7,0.66
25,Male,Semi-Urban,Low,"Reselling, Baking, Home Cleaning, Sewing",Food & Beverage,Outdoor,Medium,6,Primary,Phone + Internet,Medium,Snack Stall,Food & Beverage,0.67,0.76
20,Female,Rural,Medium,"Baking, Cooking, Hair Styling",Education,Home-based,Low,4,Secondary,Phone,High,Spoken English Classes,Education,0.89,0.58
30,Male,Rural,Medium,"Mushroom Cultivation, Content Creation, Makeup",Apparel,Hybrid,High,9,Secondary,Vehicle,Medium,Fabric Painting,Apparel,0.92,0.55
31,Female,Urban,Low,"Mobile Repair, Digital Marketing, Content Creation",Beauty,Outdoor,Medium,4,Primary,Land + Vehicle,High,Home Salon,Beauty,0.63,0.86
40,Female,Urban,Low,"Video Editing, Home Cleaning",Agriculture,Hybrid,Low,9,Primary,Land + Vehicle,Medium,Dairy Farming,Agriculture,0.63,0.54
54,Female,Rural,Low,"Home Cleaning, Photography",E-commerce,Outdoor,Medium,7,Secondary,None,Low,Online Reselling,E-commerce,0.88,0.54
46,Female,Urban,Medium,"Paper Craft, Sewing, Mushroom Cultivation",Education,Outdoor,High,10,Secondary,Phone,Medium,Home Tuition,Education,0.46,0.59
48,Female,Semi-Urban,Low,"Digital Marketing, Reselling, Video Editing, Mobile Repair",E-commerce,Hybrid,Medium,9,Secondary,Vehicle,High,Dropshipping,E-commerce,0.88,0.6
55,Female,Urban,Medium,"Hair Styling, Digital Marketing, Paper Craft",Beauty,Home-based,Medium,4,None,None,Medium,Skincare Product Making,Beauty,0.46,0.7
20,Male,Semi-Urban,Medium,"Daycare Management, Mushroom Cultivation, Crafting",Art & Craft,Home-based,Medium,5,Primary,Land,Low,Candle Making,Art & Craft,0.43,0.5
31,Female,Rural,Medium,"Embroidery, Teaching",Food & Beverage,Outdoor,Low,3,Secondary,Internet,Medium,Snack Stall,Food & Beverage,0.72,0.88
27,Female,Rural,Low,"Daycare Management, Paper Craft, Tailoring, Reselling",Art & Craft,Hybrid,Low,6,None,Land + Vehicle,Medium,Candle Making,Art & Craft,0.64,0.6
48,Male,Rural,High,"Food Delivery, Mushroom Cultivation, Poultry Care",Art & Craft,Home-based,Medium,7,Primary,Phone + Internet,Medium,Candle Making,Art & Craft,0.44,0.62
30,Female,Rural,High,"Cooking, Hair Styling, Mobile Repair",Apparel,Outdoor,Low,7,Secondary,None,High,Tailoring Business,Apparel,0.85,0.81
55,Female,Urban,Medium,"Digital Marketing, Video Editing, Crafting",Food & Beverage,Hybrid,High,3,Secondary,Land,High,Spice Mixing,Food & Beverage,0.45,0.57
34,Male,Semi-Urban,Medium,"Video Editing, Dairy Management, Photography",Food & Beverage,Outdoor,Medium,10,Primary,Land,Medium,Spice Mixing,Food & Beverage,0.47,0.68
21,Male,Rural,Low,"Dairy Management, Daycare Management, Home Cleaning, Mushroom Cultivation",Technology,Home-based,Low,5,None,Internet,Low,Mobile Repair Shop,Technology,0.62,0.96
33,Female,Urban,Medium,"Tailoring, Dairy Management, Embroidery",Creative Services,Outdoor,High,6,Primary,Internet,Low,Photography Studio,Creative Services,0.81,0.5
46,Female,Semi-Urban,Medium,"Content Creation, Pickle Making, Sewing",Domestic Services,Hybrid,High,9,Secondary,Phone,High,Home Cook,Domestic Services,0.65,0.84
51,Female,Semi-Urban,Medium,"Baking, Sewing, Content Creation, Teaching",Food & Beverage,Outdoor,Low,3,Primary,Land,Low,Homemade Pickles,Food & Beverage,0.92,0.94
50,Female,Semi-Urban,High,"Candle Making, Crafting, Mushroom Cultivation",Beauty,Home-based,High,8,Primary,Land,Medium,Home Salon,Beauty,0.94,0.91
44,Female,Urban,Low,"Pickle Making, Food Delivery",Apparel,Home-based,Low,8,Secondary,Land,High,Embroidery Shop,Apparel,0.56,0.69
31,Male,Urban,High,"Makeup, Poultry Care",Domestic Services,Home-based,High,4,None,Phone,Medium,Babysitting,Domestic Services,0.74,0.9
47,Male,Semi-Urban,Low,"Daycare Management, Embroidery, Dairy Management, Food Delivery",Beauty,Home-based,Low,10,Primary,Land + Vehicle,High,Mehendi Services,Beauty,0.51,0.51
30,Female,Urban,Low,"Digital Marketing, Reselling",Education,Outdoor,High,7,None,Land + Vehicle,Medium,Spoken English Classes,Education,0.83,0.84
27,Female,Urban,Medium,"Baking, Tailoring, Cooking, Daycare Management",Apparel,Hybrid,Medium,8,Secondary,None,High,Embroidery Shop,Apparel,0.8,0.94
22,Female,Urban,Medium,"Paper Craft, Cooking, Content Creation",Education,Outdoor,High,4,Primary,None,Medium,Spoken English Classes,Education,0.77,0.83
52,Female,Semi-Urban,Medium,"Cooking, Crafting",Art & Craft,Hybrid,High,2,Primary,Phone + Internet,Low,Jewelry Design,Art & Craft,0.88,0.58
54,Female,Semi-Urban,Low,"Mushroom Cultivation, Food Delivery, Mobile Repair, Makeup",Domestic Services,Outdoor,Medium,7,None,Phone + Internet,Medium,Babysitting,Domestic Services,0.86,0.77
44,Female,Rural,Low,"Food Delivery, Cooking",Creative Services,Hybrid,Low,2,Primary,None,Low,Content Creation Agency,Creative Services,0.77,0.92
35,Male,Rural,High,"Dairy Management, Hair Styling",Beauty,Outdoor,Low,6,Primary,Phone + Internet,Medium,Home Salon,Beauty,0.82,0.66
27,Male,Urban,Low,"Makeup, Food Delivery",Food & Beverage,Hybrid,High,2,Secondary,None,Low,Spice Mixing,Food & Beverage,0.79,0.69
37,Female,Semi-Urban,Low,"Crafting, Baking, Sewing",Apparel,Home-based,High,8,Primary,Phone + Internet,High,Embroidery Shop,Apparel,0.54,0.56
46,Female,Rural,Low,"Sewing, Farming, Reselling",Art & Craft,Hybrid,High,4,Primary,Phone + Internet,Low,Paper Crafts,Art & Craft,0.48,0.68
55,Female,Rural,Medium,"Food Delivery, Dairy Management, Cooking, Teaching",Food & Beverage,Home-based,High,9,Primary,Vehicle,Low,Tiffin Service,Food & Beverage,0.89,0.57
49,Female,Semi-Urban,Low,"Poultry Care, Hair Styling, Farming, Content Creation",Creative Services,Home-based,Medium,2,None,Land + Vehicle,Low,Photography Studio,Creative Services,0.67,0.58
36,Male,Urban,Low,"Paper Craft, Sewing, Poultry Care",Technology,Hybrid,High,6,None,None,High,Digital Marketing Agency,Technology,0.91,0.99
21,Female,Urban,Low,"Paper Craft, Daycare Management, Mushroom Cultivation",E-commerce,Home-based,High,9,Secondary,Phone + Internet,High,Handmade Products Store,E-commerce,0.78,0.54
52,Female,Urban,Medium,"Poultry Care, Teaching",Creative Services,Home-based,Low,9,Secondary,None,Medium,Video Editing Service,Creative Services,0.91,0.54
49,Female,Semi-Urban,Medium,"Cooking, Food Delivery",Education,Home-based,High,3,None,Land,Low,Spoken English Classes,Education,0.6,0.57
41,Female,Semi-Urban,Low,"Content Creation, Teaching",Food & Beverage,Outdoor,High,7,Primary,Phone,Low,Snack Stall,Food & Beverage,0.89,0.6
19,Female,Urban,Medium,"Tailoring, Video Editing",Food & Beverage,Home-based,Low,7,None,Land + Vehicle,Medium,Homemade Pickles,Food & Beverage,0.54,0.59
18,Female,Semi-Urban,Medium,"Baking, Embroidery",Domestic Services,Home-based,Low,2,Primary,Land,Medium,Cleaning Services,Domestic Services,0.47,0.78
26,Female,Semi-Urban,Medium,"Daycare Management, Sewing",Art & Craft,Hybrid,Medium,4,Primary,Vehicle,High,Candle Making,Art & Craft,0.44,0.56
18,Female,Rural,Medium,"Teaching, Dairy Management",Art & Craft,Home-based,Low,2,Primary,Land,Medium,Candle Making,Art & Craft,0.52,0.81
27,Female,Semi-Urban,Medium,"Digital Marketing, Teaching, Content Creation, Hair Styling",Food & Beverage,Home-based,Medium,7,Primary,Land,High,Snack Stall,Food & Beverage,0.68,0.64
32,Female,Urban,Medium,"Hair Styling, Photography",Technology,Hybrid,Low,4,Primary,Land + Vehicle,Medium,Mobile Repair Shop,Technology,0.92,0.58
30,Female,Semi-Urban,Medium,"Baking, Mushroom Cultivation",Agriculture,Hybrid,Medium,5,Secondary,None,High,Poultry Business,Agriculture,0.43,0.55
42,Female,Semi-Urban,Low,"Home Cleaning, Mobile Repair",Apparel,Hybrid,Medium,8,None,Internet,High,Embroidery Shop,Apparel,0.88,0.76
43,Male,Rural,Low,"Candle Making, Photography",Domestic Services,Hybrid,Medium,3,Primary,None,High,Cleaning Services,Domestic Services,0.58,0.88
51,Female,Urban,Medium,"Digital Marketing, Embroidery",Creative Services,Hybrid,High,2,Secondary,Land + Vehicle,Medium,Video Editing Service,Creative Services,0.42,0.85
18,Female,Rural,High,"Daycare Management, Reselling",Agriculture,Outdoor,Medium,6,Secondary,Vehicle,Medium,Dairy Farming,Agriculture,0.92,0.59
25,Female,Semi-Urban,Medium,"Photography, Makeup, Mushroom Cultivation, Tailoring",Art & Craft,Hybrid,High,6,None,Land + Vehicle,Medium,Paper Crafts,Art & Craft,0.76,0.69
33,Female,Urban,High,"Baking, Poultry Care, Video Editing, Candle Making",Education,Hybrid,High,3,None,Internet,Low,Daycare Center,Education,0.77,0.58
37,Female,Semi-Urban,Low,"Home Cleaning, Sewing, Crafting, Mobile Repair",Education,Home-based,Low,2,None,Phone,Medium,Daycare Center,Education,0.9,0.86
47,Female,Urban,Low,"Paper Craft, Content Creation",Beauty,Hybrid,Low,10,Primary,Land,High,Mehendi Services,Beauty,0.75,0.89
32,Female,Urban,Medium,"Digital Marketing, Pickle Making",Education,Hybrid,Medium,9,None,None,Medium,Spoken English Classes,Education,0.67,0.79
30,Female,Semi-Urban,Low,"Hair Styling, Cooking, Video Editing, Teaching",E-commerce,Outdoor,Medium,9,None,Vehicle,Low,Online Reselling,E-commerce,0.86,0.7
51,Female,Urban,Low,"Daycare Management, Embroidery, Farming, Tailoring",Education,Outdoor,Low,10,None,Phone + Internet,Low,Spoken English Classes,Education,0.8,0.72
29,Female,Urban,Low,"Tailoring, Sewing, Teaching, Dairy Management",Food & Beverage,Outdoor,High,4,Secondary,None,Low,Snack Stall,Food & Beverage,0.84,0.94
27,Female,Urban,High,"Mushroom Cultivation, Reselling, Candle Making, Paper Craft",Art & Craft,Hybrid,Low,4,Secondary,Land,High,Paper Crafts,Art & Craft,0.77,0.59
48,Male,Rural,Low,"Dairy Management, Sewing, Mushroom Cultivation",Beauty,Home-based,High,6,Primary,Internet,High,Skincare Product Making,Beauty,0.51,0.56
34,Male,Semi-Urban,Low,"Content Creation, Mobile Repair",Art & Craft,Outdoor,Low,6,Primary,Vehicle,Medium,Candle Making,Art & Craft,0.8,0.78
26,Female,Urban,Low,"Farming, Embroidery, Digital Marketing",Food & Beverage,Outdoor,Low,6,Secondary,Land,High,Tiffin Service,Food & Beverage,0.44,0.92
32,Female,Rural,Low,"Home Cleaning, Digital Marketing, Dairy Management, Crafting",Domestic Services,Hybrid,High,5,Secondary,Phone,Low,Home Cook,Domestic Services,0.57,0.63
31,Female,Semi-Urban,Low,"Video Editing, Tailoring, Photography",Art & Craft,Outdoor,Medium,7,Primary,Land,Low,Paper Crafts,Art & Craft,0.55,0.86
29,Female,Rural,Low,"Content Creation, Home Cleaning",Art & Craft,Hybrid,High,2,Primary,Internet,Medium,Candle Making,Art & Craft,0.93,0.64
37,Female,Semi-Urban,High,"Baking, Makeup",Education,Home-based,Medium,6,Primary,Internet,Low,Home Tuition,Education,0.74,0.54
54,Female,Urban,Low,"Dairy Management, Makeup, Food Delivery, Candle Making",Beauty,Home-based,Low,4,None,Internet,High,Mehendi Services,Beauty,0.8,0.74
18,Female,Urban,Low,"Video Editing, Photography, Embroidery, Paper Craft",Creative Services,Hybrid,Medium,10,None,Land,Low,Video Editing Service,Creative Services,0.8,0.68
25,Male,Semi-Urban,Low,"Embroidery, Makeup",Art & Craft,Hybrid,High,2,Primary,Phone,High,Paper Crafts,Art & Craft,0.76,0.91
30,Female,Semi-Urban,Medium,"Tailoring, Video Editing, Mushroom Cultivation",Education,Outdoor,Low,4,Secondary,Vehicle,Medium,Daycare Center,Education,0.69,0.97
35,Male,Rural,Low,"Dairy Management, Food Delivery, Photography, Digital Marketing",Education,Outdoor,Medium,2,None,Vehicle,Medium,Spoken English Classes,Education,0.75,0.6
30,Female,Rural,Low,"Food Delivery, Baking, Cooking",Domestic Services,Outdoor,Low,3,None,Internet,Low,Home Cook,Domestic Services,0.64,0.71
42,Female,Semi-Urban,Medium,"Mobile Repair, Mushroom Cultivation",Technology,Hybrid,Low,8,Primary,Phone + Internet,Medium,Digital Marketing Agency,Technology,0.74,0.56
25,Female,Urban,Low,"Home Cleaning, Mushroom Cultivation",E-commerce,Hybrid,High,8,Secondary,None,High,Dropshipping,E-commerce,0.52,0.88
38,Female,Semi-Urban,Low,"Tailoring, Paper Craft",Education,Hybrid,Low,5,None,Land,High,Daycare Center,Education,0.63,0.92
37,Female,Rural,Low,"Crafting, Photography",Beauty,Home-based,Medium,2,Primary,None,Low,Home Salon,Beauty,0.63,1.0
44,Male,Rural,Medium,"Pickle Making, Content Creation, Mobile Repair, Poultry Care",Art & Craft,Home-based,Medium,8,None,Land,Low,Paper Crafts,Art & Craft,0.78,0.68
44,Female,Rural,Medium,"Digital Marketing, Poultry Care",Apparel,Home-based,Low,8,Primary,Vehicle,High,Embroidery Shop,Apparel,0.58,0.81
36,Female,Semi-Urban,Low,"Crafting, Candle Making, Cooking",Art & Craft,Home-based,Medium,7,Primary,Land,Low,Paper Crafts,Art & Craft,0.85,0.71
22,Female,Urban,Low,"Candle Making, Digital Marketing",Art & Craft,Home-based,High,2,Primary,Land,Medium,Paper Crafts,Art & Craft,0.44,0.82
45,Female,Semi-Urban,Low,"Mushroom Cultivation, Reselling, Food Delivery, Crafting",Creative Services,Home-based,Low,4,None,Internet,Medium,Video Editing Service,Creative Services,0.92,0.67
55,Female,Rural,High,"Reselling, Baking",Technology,Home-based,High,6,Secondary,Vehicle,Low,Mobile Repair Shop,Technology,0.85,0.81
33,Female,Rural,Medium,"Farming, Poultry Care, Mushroom Cultivation",Food & Beverage,Outdoor,Medium,5,None,Vehicle,Low,Snack Stall,Food & Beverage,0.43,0.82
54,Male,Rural,Medium,"Digital Marketing, Crafting, Pickle Making",Art & Craft,Outdoor,Medium,9,Primary,Internet,High,Candle Making,Art & Craft,0.66,0.56
53,Female,Semi-Urban,Low,"Crafting, Food Delivery",Agriculture,Home-based,Medium,5,None,None,Medium,Poultry Business,Agriculture,0.61,0.63
49,Female,Semi-Urban,Low,"Embroidery, Baking, Poultry Care, Video Editing",E-commerce,Home-based,High,9,None,Vehicle,High,Dropshipping,E-commerce,0.83,0.86
50,Female,Semi-Urban,Medium,"Home Cleaning, Poultry Care, Pickle Making",Creative Services,Outdoor,High,2,Primary,Vehicle,Low,Content Creation Agency,Creative Services,0.6,0.7
35,Female,Urban,High,"Dairy Management, Teaching, Baking",Apparel,Home-based,High,5,Secondary,None,Medium,Embroidery Shop,Apparel,0.72,0.86
48,Female,Rural,Low,"Mobile Repair, Tailoring",Beauty,Home-based,Low,5,Secondary,Vehicle,Medium,Mehendi Services,Beauty,0.82,0.75
42,Female,Semi-Urban,Low,"Pickle Making, Tailoring, Poultry Care, Video Editing",Education,Outdoor,High,2,None,Internet,Medium,Spoken English Classes,Education,0.89,0.96
33,Male,Rural,Medium,"Crafting, Poultry Care, Hair Styling",Apparel,Home-based,High,3,None,Phone,Low,Embroidery Shop,Apparel,0.88,0.96
22,Female,Rural,Medium,"Candle Making, Photography, Paper Craft, Embroidery",E-commerce,Outdoor,High,4,Primary,Phone + Internet,Low,Dropshipping,E-commerce,0.53,0.66
29,Female,Semi-Urban,Low,"Dairy Management, Embroidery",Food & Beverage,Outdoor,Low,9,Primary,None,High,Homemade Pickles,Food & Beverage,0.93,0.77
39,Female,Urban,Medium,"Home Cleaning, Photography, Teaching, Mushroom Cultivation",Apparel,Home-based,Medium,3,None,Internet,High,Fabric Painting,Apparel,0.52,0.98
29,Female,Rural,Low,"Candle Making, Embroidery, Baking",Technology,Hybrid,Low,9,None,Phone + Internet,Low,YouTube Channel,Technology,0.86,0.95
51,Male,Urban,Low,"Mushroom Cultivation, Embroidery, Content Creation",Food & Beverage,Outdoor,Low,5,Primary,Land + Vehicle,High,Tiffin Service,Food & Beverage,0.5,0.58
20,Female,Semi-Urban,Low,"Makeup, Pickle Making, Mushroom Cultivation",Technology,Hybrid,High,4,Secondary,Vehicle,Medium,Mobile Repair Shop,Technology,0.93,0.73
40,Female,Semi-Urban,Medium,"Video Editing, Makeup, Cooking",E-commerce,Home-based,Medium,5,Secondary,None,Medium,Handmade Products Store,E-commerce,0.69,0.73
28,Male,Urban,Low,"Sewing, Tailoring",Domestic Services,Home-based,Medium,3,Primary,Land,Low,Home Cook,Domestic Services,0.4,0.87
41,Female,Rural,Low,"Daycare Management, Video Editing",Apparel,Home-based,High,5,None,None,Medium,Tailoring Business,Apparel,0.7,0.66
40,Female,Urban,Low,"Home Cleaning, Food Delivery, Crafting",Apparel,Home-based,Low,7,Primary,Land + Vehicle,High,Tailoring Business,Apparel,0.76,0.69
40,Female,Semi-Urban,Low,"Mushroom Cultivation, Tailoring",Food & Beverage,Outdoor,Low,2,Primary,Internet,High,Snack Stall,Food & Beverage,0.55,0.85
42,Female,Semi-Urban,Low,"Photography, Reselling, Cooking, Farming",Technology,Hybrid,High,9,Secondary,Phone + Internet,Low,Digital Marketing Agency,Technology,0.77,0.55
32,Female,Semi-Urban,Medium,"Video Editing, Candle Making",Domestic Services,Home-based,High,2,None,None,Low,Babysitting,Domestic Services,0.43,0.64
50,Female,Rural,Low,"Digital Marketing, Sewing, Embroidery",Technology,Home-based,Medium,4,Secondary,Phone,Medium,Digital Marketing Agency,Technology,0.57,0.74
40,Female,Urban,High,"Candle Making, Reselling",Food & Beverage,Outdoor,High,10,Secondary,Vehicle,Medium,Homemade Pickles,Food & Beverage,0.43,0.79
48,Female,Semi-Urban,Low,"Dairy Management, Hair Styling, Tailoring",Education,Hybrid,Low,8,Secondary,Internet,Medium,Spoken English Classes,Education,0.92,0.51
49,Female,Urban,Low,"Home Cleaning, Mobile Repair",Food & Beverage,Home-based,Medium,7,Secondary,Vehicle,High,Tiffin Service,Food & Beverage,0.75,0.84
53,Female,Urban,Medium,"Teaching, Crafting",Technology,Hybrid,Medium,5,None,None,Medium,Digital Marketing Agency,Technology,0.94,0.6
29,Male,Semi-Urban,Low,"Crafting, Home Cleaning, Daycare Management, Paper Craft",Food & Beverage,Outdoor,High,3,Primary,Land + Vehicle,High,Homemade Pickles,Food & Beverage,0.5,0.81
55,Female,Rural,Low,"Tailoring, Poultry Care",E-commerce,Hybrid,Low,5,Secondary,Internet,Low,Dropshipping,E-commerce,0.79,1.0
43,Female,Rural,Low,"Hair Styling, Mushroom Cultivation, Video Editing, Poultry Care",Art & Craft,Hybrid,Low,6,Primary,Vehicle,Medium,Candle Making,Art & Craft,0.94,0.69
50,Male,Semi-Urban,Low,"Video Editing, Teaching",Apparel,Home-based,Medium,9,None,Land,High,Fabric Painting,Apparel,0.46,0.58
39,Male,Rural,Low,"Content Creation, Paper Craft",Food & Beverage,Outdoor,Medium,8,Primary,Phone,Medium,Snack Stall,Food & Beverage,0.51,0.85
25,Female,Rural,Low,"Mobile Repair, Sewing, Digital Marketing",Food & Beverage,Hybrid,Low,9,None,Vehicle,High,Homemade Pickles,Food & Beverage,0.44,0.7
42,Female,Urban,Medium,"Reselling, Digital Marketing, Sewing, Home Cleaning",Education,Outdoor,High,5,Primary,Land + Vehicle,Low,Home Tuition,Education,0.86,0.82
25,Female,Urban,Low,"Daycare Management, Poultry Care, Mobile Repair, Makeup",Agriculture,Outdoor,Low,3,Secondary,Vehicle,Low,Mushroom Cultivation,Agriculture,0.4,0.7
21,Female,Urban,Low,"Pickle Making, Daycare Management",Food & Beverage,Outdoor,High,7,Primary,Vehicle,High,Tiffin Service,Food & Beverage,0.77,0.67
53,Female,Semi-Urban,Low,"Photography, Crafting, Reselling",Creative Services,Home-based,Medium,9,None,Phone + Internet,Medium,Video Editing Service,Creative Services,0.9,0.99
54,Female,Semi-Urban,Medium,"Mushroom Cultivation, Baking, Crafting, Video Editing",Agriculture,Hybrid,Low,5,Secondary,Internet,Low,Poultry Business,Agriculture,0.55,0.96
28,Female,Semi-Urban,Low,"Video Editing, Candle Making, Embroidery",Technology,Hybrid,High,10,None,Internet,Low,Mobile Repair Shop,Technology,0.69,0.72
26,Female,Semi-Urban,Medium,"Hair Styling, Candle Making, Food Delivery, Farming",Beauty,Home-based,Low,4,None,Phone + Internet,High,Skincare Product Making,Beauty,0.53,0.74
43,Female,Semi-Urban,Low,"Reselling, Food Delivery, Paper Craft, Daycare Management",Domestic Services,Home-based,High,2,Secondary,Vehicle,High,Home Cook,Domestic Services,0.77,0.7
46,Female,Rural,Medium,"Daycare Management, Mobile Repair, Teaching, Candle Making",Education,Hybrid,Medium,7,Primary,Land + Vehicle,High,Home Tuition,Education,0.54,0.66
49,Female,Urban,Medium,"Daycare Management, Cooking",Beauty,Hybrid,High,7,Primary,Internet,Low,Skincare Product Making,Beauty,0.52,0.8
47,Female,Semi-Urban,Medium,"Pickle Making, Cooking",Education,Home-based,Low,9,Primary,Internet,High,Home Tuition,Education,0.63,0.92
44,Female,Semi-Urban,Medium,"Crafting, Makeup, Pickle Making",Agriculture,Hybrid,Medium,4,Secondary,Vehicle,Medium,Poultry Business,Agriculture,0.95,0.84
22,Female,Urban,Low,"Reselling, Teaching, Sewing, Makeup",Domestic Services,Hybrid,Medium,2,Secondary,Land,High,Cleaning Services,Domestic Services,0.74,0.87
35,Female,Rural,Low,"Candle Making, Daycare Management, Farming",Apparel,Home-based,Medium,6,None,Land + Vehicle,Medium,Fabric Painting,Apparel,0.94,0.8
19,Male,Urban,Low,"Mobile Repair, Mushroom Cultivation, Video Editing, Content Creation",Food & Beverage,Hybrid,Medium,3,None,None,High,Homemade Pickles,Food & Beverage,0.78,0.73
30,Male,Urban,Medium,"Tailoring, Embroidery",Domestic Services,Home-based,High,3,Secondary,Internet,Medium,Cleaning Services,Domestic Services,0.76,0.52
53,Female,Rural,Low,"Sewing, Farming",Domestic Services,Home-based,Low,10,Primary,Vehicle,Low,Home Cook,Domestic Services,0.94,0.95
35,Female,Semi-Urban,Low,"Reselling, Makeup, Pickle Making",Beauty,Home-based,Medium,8,Secondary,Phone + Internet,Medium,Mehendi Services,Beauty,0.95,0.65
41,Female,Semi-Urban,Medium,"Makeup, Food Delivery, Hair Styling",Domestic Services,Home-based,High,3,Secondary,Phone,High,Cleaning Services,Domestic Services,0.47,0.64
42,Female,Rural,High,"Poultry Care, Content Creation, Digital Marketing, Embroidery",Education,Home-based,High,3,Primary,Phone,High,Daycare Center,Education,0.52,0.88
24,Female,Rural,Medium,"Home Cleaning, Sewing",Food & Beverage,Hybrid,Medium,10,Primary,Vehicle,Low,Tiffin Service,Food & Beverage,0.48,0.94
26,Female,Semi-Urban,High,"Daycare Management, Photography",Domestic Services,Home-based,Medium,8,Secondary,Vehicle,Low,Babysitting,Domestic Services,0.69,0.57
18,Female,Urban,Medium,"Food Delivery, Makeup, Dairy Management, Pickle Making",Beauty,Home-based,Medium,4,Secondary,Vehicle,Low,Mehendi Services,Beauty,0.63,0.5
36,Female,Rural,Low,"Sewing, Candle Making",Education,Outdoor,High,8,Primary,Vehicle,Medium,Spoken English Classes,Education,0.79,0.67
32,Female,Rural,Medium,"Teaching, Poultry Care",Art & Craft,Hybrid,High,5,None,Vehicle,Medium,Candle Making,Art & Craft,0.71,0.62
27,Male,Urban,Low,"Dairy Management, Photography",Apparel,Home-based,Low,4,Primary,Phone + Internet,Medium,Tailoring Business,Apparel,0.94,0.58
47,Male,Semi-Urban,High,"Crafting, Baking, Farming",Technology,Outdoor,Low,2,Secondary,Phone,Medium,Mobile Repair Shop,Technology,0.46,0.84
34,Female,Urban,High,"Embroidery, Paper Craft, Food Delivery, Teaching",Technology,Home-based,Low,6,None,Vehicle,Low,Digital Marketing Agency,Technology,0.49,0.96
51,Female,Rural,Low,"Paper Craft, Mushroom Cultivation, Daycare Management",Food & Beverage,Hybrid,High,9,None,Phone,High,Tiffin Service,Food & Beverage,0.89,0.87
35,Female,Semi-Urban,High,"Food Delivery, Crafting",Art & Craft,Home-based,Medium,2,Secondary,Land,High,Paper Crafts,Art & Craft,0.52,0.86
28,Female,Urban,Low,"Mobile Repair, Poultry Care, Sewing, Reselling",Education,Home-based,High,7,Primary,Land,High,Spoken English Classes,Education,0.7,0.89
23,Female,Urban,Medium,"Reselling, Candle Making, Farming, Makeup",Creative Services,Hybrid,Low,8,None,Phone,Low,Video Editing Service,Creative Services,0.81,0.76
19,Male,Semi-Urban,Low,"Daycare Management, Embroidery, Teaching",Art & Craft,Outdoor,High,6,None,Phone + Internet,Medium,Paper Crafts,Art & Craft,0.94,0.83
18,Female,Semi-Urban,Low,"Crafting, Sewing, Mobile Repair, Dairy Management",Art & Craft,Home-based,Low,9,Primary,Internet,High,Jewelry Design,Art & Craft,0.93,0.69
42,Female,Urban,Low,"Hair Styling, Content Creation, Cooking",Art & Craft,Home-based,Medium,9,Primary,Land + Vehicle,High,Candle Making,Art & Craft,0.92,0.54
42,Female,Rural,Low,"Mobile Repair, Teaching, Daycare Management, Pickle Making",Education,Outdoor,Low,6,Primary,Phone,Low,Home Tuition,Education,0.75,0.51
54,Female,Rural,Medium,"Mobile Repair, Embroidery, Crafting, Hair Styling",Creative Services,Home-based,Medium,8,Secondary,Vehicle,Low,Photography Studio,Creative Services,0.73,0.84
38,Male,Semi-Urban,Medium,"Sewing, Tailoring, Crafting, Digital Marketing",Domestic Services,Outdoor,Medium,2,Primary,Vehicle,Low,Babysitting,Domestic Services,0.42,0.89
23,Female,Urban,Low,"Farming, Teaching, Pickle Making",Education,Home-based,Low,6,None,Phone + Internet,High,Spoken English Classes,Education,0.77,0.56
48,Female,Urban,Low,"Makeup, Baking, Mushroom Cultivation, Hair Styling",Agriculture,Outdoor,High,7,None,Land + Vehicle,Medium,Dairy Farming,Agriculture,0.91,0.8
33,Female,Semi-Urban,Medium,"Pickle Making, Teaching, Photography",Agriculture,Hybrid,High,7,None,Phone + Internet,Low,Poultry Business,Agriculture,0.54,0.92
21,Female,Rural,Low,"Pickle Making, Hair Styling, Video Editing",Food & Beverage,Hybrid,High,8,None,Land,Medium,Snack Stall,Food & Beverage,0.93,0.9
53,Female,Rural,Low,"Content Creation, Home Cleaning, Paper Craft",Beauty,Home-based,Medium,3,None,Internet,High,Mehendi Services,Beauty,0.72,0.72
23,Male,Urban,Low,"Hair Styling, Crafting, Candle Making",Food & Beverage,Outdoor,Medium,5,Primary,Phone,Medium,Snack Stall,Food & Beverage,0.84,0.85
21,Female,Urban,High,"Crafting, Hair Styling, Home Cleaning, Sewing",E-commerce,Outdoor,High,5,Secondary,Internet,High,Dropshipping,E-commerce,0.63,0.68
54,Female,Semi-Urban,High,"Mobile Repair, Embroidery",Domestic Services,Hybrid,Low,7,Primary,Land,Low,Babysitting,Domestic Services,0.78,0.53
37,Female,Semi-Urban,Low,"Cooking, Farming, Paper Craft, Embroidery",Agriculture,Hybrid,High,2,Secondary,Phone,High,Mushroom Cultivation,Agriculture,0.54,0.98
55,Female,Semi-Urban,Low,"Embroidery, Pickle Making, Crafting, Sewing",Education,Home-based,Medium,5,None,Phone + Internet,High,Spoken English Classes,Education,0.73,0.52
46,Female,Rural,Low,"Teaching, Dairy Management",Food & Beverage,Hybrid,Low,6,Secondary,Internet,Medium,Tiffin Service,Food & Beverage,0.58,0.96
19,Male,Urban,Low,"Tailoring, Sewing",Agriculture,Outdoor,Low,7,Secondary,Vehicle,Low,Poultry Business,Agriculture,0.48,0.56
40,Female,Semi-Urban,Low,"Hair Styling, Makeup",E-commerce,Hybrid,Low,7,Primary,Phone + Internet,Medium,Handmade Products Store,E-commerce,0.69,0.71
43,Female,Urban,Low,"Dairy Management, Paper Craft, Baking, Sewing",Technology,Hybrid,High,5,Secondary,Land + Vehicle,Low,Digital Marketing Agency,Technology,0.67,0.73
35,Female,Semi-Urban,Low,"Digital Marketing, Content Creation",E-commerce,Hybrid,Low,3,Primary,Land + Vehicle,Low,Dropshipping,E-commerce,0.6,0.52
45,Female,Rural,Low,"Teaching, Sewing",Agriculture,Home-based,Medium,4,Primary,None,Medium,Dairy Farming,Agriculture,0.87,0.58
50,Female,Urban,Low,"Makeup, Poultry Care, Farming",Apparel,Hybrid,Medium,2,Primary,Phone,High,Fabric Painting,Apparel,0.64,0.8
52,Female,Urban,High,"Mushroom Cultivation, Farming, Food Delivery, Crafting",Technology,Outdoor,High,4,None,Land,Medium,Mobile Repair Shop,Technology,0.63,0.73
46,Male,Urban,High,"Embroidery, Sewing",Food & Beverage,Hybrid,Low,9,Secondary,Land,Medium,Homemade Pickles,Food & Beverage,0.48,0.93
21,Female,Semi-Urban,Medium,"Reselling, Daycare Management",Art & Craft,Outdoor,Low,6,None,Vehicle,High,Paper Crafts,Art & Craft,0.91,0.57
19,Female,Urban,Low,"Reselling, Home Cleaning, Dairy Management, Digital Marketing",Education,Hybrid,Medium,5,Secondary,Internet,High,Home Tuition,Education,0.8,0.57
53,Female,Urban,High,"Hair Styling, Tailoring, Farming, Teaching",E-commerce,Hybrid,Medium,6,Secondary,Phone,High,Handmade Products Store,E-commerce,0.4,0.75
26,Female,Semi-Urban,Low,"Photography, Content Creation, Baking",Apparel,Hybrid,Low,9,None,None,High,Fabric Painting,Apparel,0.76,0.9
21,Female,Rural,Low,"Digital Marketing, Content Creation",Domestic Services,Home-based,High,7,Secondary,Land,Medium,Home Cook,Domestic Services,0.61,0.89
46,Female,Semi-Urban,Low,"Mobile Repair, Video Editing, Tailoring",Beauty,Home-based,Medium,3,Primary,Land,Medium,Mehendi Services,Beauty,0.53,0.63
32,Female,Rural,Low,"Embroidery, Mushroom Cultivation",Agriculture,Outdoor,High,9,Primary,Internet,Medium,Mushroom Cultivation,Agriculture,0.76,0.84
30,Female,Rural,Low,"Home Cleaning, Candle Making, Paper Craft, Mushroom Cultivation",Agriculture,Outdoor,High,7,None,None,Low,Dairy Farming,Agriculture,0.85,0.71
44,Female,Semi-Urban,Medium,"Sewing, Photography, Teaching, Embroidery",Domestic Services,Hybrid,Low,10,Primary,Land,Medium,Home Cook,Domestic Services,0.57,0.94
19,Female,Urban,Medium,"Paper Craft, Mushroom Cultivation, Pickle Making, Home Cleaning",Art & Craft,Home-based,Low,10,None,Vehicle,High,Jewelry Design,Art & Craft,0.9,0.69
19,Female,Rural,Medium,"Content Creation, Mushroom Cultivation, Daycare Management",Agriculture,Home-based,Medium,8,None,None,Medium,Dairy Farming,Agriculture,0.81,0.67
48,Male,Urban,Low,"Farming, Paper Craft, Pickle Making",Food & Beverage,Home-based,High,4,Secondary,Land + Vehicle,High,Snack Stall,Food & Beverage,0.43,0.61
18,Male,Semi-Urban,Low,"Hair Styling, Cooking, Content Creation",Agriculture,Hybrid,Low,6,Primary,Vehicle,Medium,Poultry Business,Agriculture,0.53,0.81
49,Female,Urban,Low,"Hair Styling, Paper Craft, Photography",E-commerce,Hybrid,Low,5,None,None,High,Online Reselling,E-commerce,0.8,1.0
23,Female,Rural,Low,"Candle Making, Mobile Repair, Video Editing",Technology,Hybrid,High,7,Primary,Phone,High,Digital Marketing Agency,Technology,0.51,0.6
41,Female,Urban,High,"Crafting, Tailoring, Cooking, Hair Styling",Education,Hybrid,Medium,9,Secondary,None,Low,Daycare Center,Education,0.66,0.5
38,Female,Semi-Urban,Medium,"Content Creation, Teaching",Beauty,Home-based,Medium,9,None,Internet,Medium,Skincare Product Making,Beauty,0.44,0.54
24,Female,Urban,Medium,"Teaching, Cooking, Embroidery, Content Creation",Creative Services,Hybrid,Low,4,Primary,None,Medium,Photography Studio,Creative Services,0.53,0.93
51,Female,Rural,Low,"Farming, Digital Marketing",Creative Services,Outdoor,Medium,6,Primary,Land + Vehicle,Low,Video Editing Service,Creative Services,0.95,0.94
40,Female,Semi-Urban,Medium,"Video Editing, Mobile Repair, Content Creation",Creative Services,Outdoor,Medium,6,Secondary,Phone + Internet,Low,Content Creation Agency,Creative Services,0.86,0.94
37,Female,Rural,High,"Farming, Mobile Repair",Education,Hybrid,Medium,8,Secondary,Vehicle,High,Spoken English Classes,Education,0.46,0.83
50,Female,Urban,Low,"Dairy Management, Farming, Food Delivery",Domestic Services,Home-based,Low,3,Primary,None,Low,Home Cook,Domestic Services,0.58,0.78
24,Female,Urban,Low,"Hair Styling, Embroidery, Dairy Management",Art & Craft,Hybrid,Low,10,None,Land,Low,Paper Crafts,Art & Craft,0.6,0.7
19,Male,Semi-Urban,Medium,"Makeup, Mushroom Cultivation, Digital Marketing",Food & Beverage,Home-based,Low,4,Secondary,Vehicle,High,Spice Mixing,Food & Beverage,0.75,0.91
22,Female,Rural,High,"Embroidery, Reselling, Food Delivery",Technology,Hybrid,Medium,5,Primary,Vehicle,Low,Mobile Repair Shop,Technology,0.7,0.59
44,Female,Semi-Urban,High,"Candle Making, Digital Marketing, Sewing",Agriculture,Home-based,Low,7,Secondary,Internet,Low,Mushroom Cultivation,Agriculture,0.82,0.97
21,Female,Semi-Urban,Medium,"Mushroom Cultivation, Photography",Domestic Services,Home-based,High,6,None,Vehicle,High,Cleaning Services,Domestic Services,0.44,0.87
47,Male,Rural,Low,"Farming, Mobile Repair, Baking",Agriculture,Home-based,High,10,Secondary,Phone,High,Poultry Business,Agriculture,0.5,0.52
18,Female,Semi-Urban,High,"Photography, Digital Marketing, Food Delivery, Crafting",Beauty,Hybrid,High,4,Primary,Vehicle,Medium,Mehendi Services,Beauty,0.83,0.82
51,Female,Semi-Urban,Low,"Daycare Management, Crafting",Food & Beverage,Outdoor,Medium,2,Primary,Land,High,Snack Stall,Food & Beverage,0.5,0.64
36,Female,Rural,Medium,"Baking, Paper Craft",E-commerce,Hybrid,Low,5,Secondary,Phone,Medium,Online Reselling,E-commerce,0.6,0.91
37,Female,Rural,Low,"Candle Making, Sewing, Embroidery, Home Cleaning",Education,Home-based,Medium,3,Secondary,Phone + Internet,Low,Daycare Center,Education,0.58,0.68
35,Female,Urban,Low,"Tailoring, Poultry Care",Creative Services,Outdoor,Medium,4,Primary,Vehicle,High,Photography Studio,Creative Services,0.81,0.71
43,Female,Semi-Urban,Low,"Teaching, Pickle Making, Content Creation",Agriculture,Home-based,Medium,7,Secondary,Internet,Low,Mushroom Cultivation,Agriculture,0.61,0.87
26,Male,Urban,Medium,"Photography, Mobile Repair, Tailoring",Domestic Services,Home-based,High,9,Primary,Phone,Medium,Cleaning Services,Domestic Services,0.74,0.76
26,Female,Urban,Medium,"Cooking, Hair Styling, Dairy Management, Digital Marketing",Domestic Services,Outdoor,Medium,2,Primary,Phone,Medium,Babysitting,Domestic Services,0.78,0.5
19,Male,Urban,Medium,"Candle Making, Photography, Daycare Management",Domestic Services,Home-based,High,3,Primary,None,High,Cleaning Services,Domestic Services,0.77,0.76
22,Female,Urban,Low,"Content Creation, Pickle Making, Embroidery",Agriculture,Hybrid,Medium,2,Secondary,Land + Vehicle,High,Dairy Farming,Agriculture,0.76,0.71
46,Female,Semi-Urban,Medium,"Daycare Management, Candle Making",Apparel,Outdoor,High,5,Secondary,Phone,High,Embroidery Shop,Apparel,0.86,0.9
49,Female,Urban,Low,"Makeup, Crafting",Technology,Home-based,Low,3,Primary,Phone,Medium,YouTube Channel,Technology,0.58,0.97
24,Female,Urban,Low,"Paper Craft, Mobile Repair",Beauty,Hybrid,High,5,Secondary,Land,Low,Mehendi Services,Beauty,0.81,0.86
18,Male,Rural,Low,"Content Creation, Makeup, Baking, Cooking",Creative Services,Hybrid,High,6,None,Internet,High,Photography Studio,Creative Services,0.63,0.89
46,Female,Semi-Urban,Low,"Crafting, Tailoring",Technology,Hybrid,Low,2,Primary,Phone,Medium,Digital Marketing Agency,Technology,0.5,0.6
30,Female,Urban,Low,"Farming, Hair Styling",Beauty,Outdoor,Medium,2,Secondary,Land + Vehicle,Low,Home Salon,Beauty,0.65,0.95
21,Female,Semi-Urban,Low,"Hair Styling, Photography, Sewing, Farming",Art & Craft,Hybrid,Medium,5,Secondary,Internet,Low,Jewelry Design,Art & Craft,0.84,0.88
27,Female,Urban,Low,"Makeup, Photography, Hair Styling",Agriculture,Home-based,High,10,None,Land,Low,Poultry Business,Agriculture,0.73,0.96
29,Female,Rural,Medium,"Hair Styling, Sewing, Farming, Dairy Management",Domestic Services,Hybrid,High,4,Primary,None,High,Babysitting,Domestic Services,0.55,0.64
46,Female,Urban,Low,"Poultry Care, Daycare Management",Agriculture,Hybrid,Low,4,Secondary,Land,Low,Mushroom Cultivation,Agriculture,0.51,0.81
47,Male,Rural,Low,"Makeup, Home Cleaning, Mobile Repair, Teaching",Education,Hybrid,Medium,8,None,None,Medium,Daycare Center,Education,0.65,0.59
20,Male,Semi-Urban,Medium,"Video Editing, Dairy Management",Beauty,Home-based,Low,10,Primary,Internet,High,Mehendi Services,Beauty,0.64,1.0
48,Female,Semi-Urban,Low,"Content Creation, Pickle Making, Baking, Home Cleaning",Education,Hybrid,High,4,Secondary,Phone,High,Spoken English Classes,Education,0.42,0.73
36,Female,Semi-Urban,Low,"Daycare Management, Crafting",Domestic Services,Outdoor,High,5,Primary,None,Low,Home Cook,Domestic Services,0.54,0.59
30,Female,Rural,Medium,"Content Creation, Video Editing",Art & Craft,Outdoor,High,4,Primary,Phone + Internet,Medium,Paper Crafts,Art & Craft,0.46,0.64
24,Female,Urban,High,"Reselling, Hair Styling, Video Editing",Creative Services,Home-based,Medium,8,None,Land,Low,Video Editing Service,Creative Services,0.9,0.55
29,Female,Rural,Low,"Sewing, Daycare Management, Candle Making, Cooking",E-commerce,Outdoor,High,5,None,Internet,High,Dropshipping,E-commerce,0.54,0.72
28,Female,Semi-Urban,Low,"Dairy Management, Baking, Embroidery, Paper Craft",Domestic Services,Home-based,High,6,Secondary,Land + Vehicle,Low,Cleaning Services,Domestic Services,0.71,0.71
38,Female,Rural,Low,"Content Creation, Dairy Management, Paper Craft, Crafting",Education,Home-based,High,5,None,Land + Vehicle,High,Home Tuition,Education,0.61,0.85
47,Female,Rural,Low,"Baking, Dairy Management, Teaching",Agriculture,Outdoor,Low,3,Primary,Internet,High,Mushroom Cultivation,Agriculture,0.7,0.8
37,Female,Semi-Urban,High,"Tailoring, Paper Craft, Digital Marketing, Embroidery",Agriculture,Home-based,Low,6,Secondary,Land + Vehicle,Low,Mushroom Cultivation,Agriculture,0.85,0.84
27,Female,Rural,Low,"Farming, Hair Styling",E-commerce,Home-based,Medium,5,None,Internet,Medium,Online Reselling,E-commerce,0.86,0.88
28,Male,Semi-Urban,High,"Poultry Care, Makeup",Domestic Services,Outdoor,Low,9,Primary,None,High,Babysitting,Domestic Services,0.57,0.52
33,Female,Urban,Low,"Makeup, Pickle Making, Baking",Education,Hybrid,Low,4,None,None,Medium,Spoken English Classes,Education,0.91,0.53
52,Female,Semi-Urban,High,"Food Delivery, Cooking",Art & Craft,Home-based,Medium,8,Secondary,Phone,Low,Candle Making,Art & Craft,0.81,0.61
52,Female,Urban,Medium,"Sewing, Video Editing",Beauty,Hybrid,High,10,Secondary,None,High,Mehendi Services,Beauty,0.5,0.75
48,Female,Rural,Low,"Video Editing, Reselling, Pickle Making",Education,Home-based,High,9,None,Vehicle,Low,Daycare Center,Education,0.49,0.77
22,Female,Rural,Medium,"Daycare Management, Pickle Making",Domestic Services,Hybrid,High,7,None,Land + Vehicle,Medium,Home Cook,Domestic Services,0.44,0.91
50,Female,Semi-Urban,Low,"Makeup, Cooking",Beauty,Home-based,Low,7,Secondary,Vehicle,Low,Home Salon,Beauty,0.9,0.88
46,Male,Semi-Urban,Medium,"Embroidery, Cooking, Candle Making, Crafting",Technology,Hybrid,Low,6,Primary,Land + Vehicle,Low,YouTube Channel,Technology,0.46,0.98
27,Female,Rural,Medium,"Poultry Care, Food Delivery, Candle Making",Technology,Outdoor,High,5,Primary,Phone,Medium,YouTube Channel,Technology,0.46,0.83
21,Female,Semi-Urban,Medium,"Mobile Repair, Mushroom Cultivation",Beauty,Home-based,Low,4,Primary,Phone,Medium,Skincare Product Making,Beauty,0.51,0.74
25,Female,Rural,Low,"Pickle Making, Home Cleaning, Farming",Beauty,Outdoor,High,10,Secondary,Phone + Internet,Low,Skincare Product Making,Beauty,0.57,0.54
54,Female,Rural,Low,"Mushroom Cultivation, Reselling",E-commerce,Home-based,Low,10,Primary,Land + Vehicle,Medium,Online Reselling,E-commerce,0.52,0.61
18,Female,Urban,Low,"Pickle Making, Reselling, Sewing",Education,Outdoor,Low,9,Secondary,Internet,Medium,Spoken English Classes,Education,0.6,0.51
55,Female,Urban,Low,"Poultry Care, Crafting, Paper Craft",E-commerce,Hybrid,Low,9,None,Land,High,Handmade Products Store,E-commerce,0.7,0.64
37,Female,Semi-Urban,Low,"Food Delivery, Embroidery",Technology,Hybrid,Low,5,None,Phone + Internet,Medium,Mobile Repair Shop,Technology,0.6,0.65
42,Female,Semi-Urban,Medium,"Mushroom Cultivation, Photography, Digital Marketing, Crafting",Apparel,Home-based,High,9,Secondary,None,Low,Fabric Painting,Apparel,0.76,0.51
34,Female,Semi-Urban,High,"Content Creation, Reselling",Technology,Home-based,High,9,None,Phone + Internet,Medium,Digital Marketing Agency,Technology,0.93,0.65
22,Female,Semi-Urban,Medium,"Digital Marketing, Hair Styling",E-commerce,Home-based,Medium,5,Secondary,Phone,Low,Online Reselling,E-commerce,0.91,0.61
25,Female,Semi-Urban,Low,"Daycare Management, Home Cleaning, Reselling, Candle Making",Food & Beverage,Outdoor,Medium,2,Secondary,Land + Vehicle,Medium,Spice Mixing,Food & Beverage,0.69,0.84
45,Female,Semi-Urban,Low,"Farming, Reselling, Pickle Making, Crafting",Apparel,Hybrid,Low,5,Primary,Vehicle,Medium,Embroidery Shop,Apparel,0.85,0.96
30,Female,Semi-Urban,Low,"Cooking, Embroidery",Food & Beverage,Home-based,Medium,9,None,Internet,High,Spice Mixing,Food & Beverage,0.76,0.75
26,Female,Rural,Medium,"Crafting, Baking, Daycare Management, Reselling",Education,Home-based,Low,5,None,None,High,Spoken English Classes,Education,0.73,0.85
39,Male,Rural,Medium,"Reselling, Embroidery, Teaching",Domestic Services,Hybrid,Medium,2,Secondary,Internet,Medium,Babysitting,Domestic Services,0.7,0.99
31,Female,Urban,Low,"Candle Making, Makeup",Food & Beverage,Outdoor,High,9,None,Land,High,Homemade Pickles,Food & Beverage,0.92,0.68
31,Female,Semi-Urban,Low,"Food Delivery, Cooking",Agriculture,Hybrid,Low,9,Primary,Phone,High,Poultry Business,Agriculture,0.76,0.81
41,Female,Urban,Medium,"Dairy Management, Poultry Care, Photography",Agriculture,Outdoor,Low,5,None,Vehicle,Low,Poultry Business,Agriculture,0.95,0.65
22,Female,Urban,Low,"Makeup, Paper Craft",Domestic Services,Outdoor,High,9,Primary,Land + Vehicle,Low,Babysitting,Domestic Services,0.59,0.93
48,Female,Semi-Urban,Medium,"Paper Craft, Baking, Dairy Management",Apparel,Hybrid,Medium,8,Secondary,None,Medium,Embroidery Shop,Apparel,0.87,0.77
45,Female,Urban,Low,"Hair Styling, Content Creation",Domestic Services,Hybrid,Low,5,Secondary,Land,Low,Cleaning Services,Domestic Services,0.53,0.87
37,Female,Semi-Urban,Low,"Makeup, Embroidery",Creative Services,Outdoor,Low,8,Secondary,None,Medium,Video Editing Service,Creative Services,0.51,0.75
48,Female,Semi-Urban,High,"Poultry Care, Reselling",Art & Craft,Home-based,High,3,Secondary,Phone,Low,Candle Making,Art & Craft,0.45,0.73
39,Female,Semi-Urban,Low,"Sewing, Photography, Cooking, Video Editing",Beauty,Outdoor,Low,3,Primary,Internet,Medium,Mehendi Services,Beauty,0.66,0.81
40,Female,Semi-Urban,Medium,"Hair Styling, Cooking, Baking",Food & Beverage,Outdoor,Low,5,Primary,Internet,Low,Spice Mixing,Food & Beverage,0.46,1.0
51,Female,Urban,Low,"Sewing, Baking, Food Delivery, Tailoring",Domestic Services,Outdoor,Low,6,None,Phone,Medium,Home Cook,Domestic Services,0.69,0.59
23,Female,Urban,Low,"Candle Making, Farming, Paper Craft",Food & Beverage,Hybrid,High,9,None,Phone,Medium,Tiffin Service,Food & Beverage,0.79,0.74
31,Female,Rural,Low,"Farming, Mushroom Cultivation",Technology,Hybrid,Low,8,Primary,Vehicle,Low,Mobile Repair Shop,Technology,0.74,0.85
31,Female,Rural,Medium,"Poultry Care, Mobile Repair, Digital Marketing",E-commerce,Hybrid,High,4,Secondary,Internet,Medium,Online Reselling,E-commerce,0.78,0.97
21,Female,Rural,Medium,"Food Delivery, Makeup",Education,Outdoor,Medium,2,Primary,Phone + Internet,Medium,Spoken English Classes,Education,0.87,0.64
35,Female,Semi-Urban,Low,"Paper Craft, Embroidery, Sewing",Domestic Services,Outdoor,High,8,Primary,Land,Medium,Cleaning Services,Domestic Services,0.64,0.62
28,Female,Rural,Low,"Reselling, Mushroom Cultivation",Art & Craft,Home-based,High,5,None,Land + Vehicle,Medium,Paper Crafts,Art & Craft,0.45,0.92
29,Female,Semi-Urban,Low,"Video Editing, Baking, Sewing, Content Creation",Creative Services,Outdoor,High,8,None,Internet,Low,Photography Studio,Creative Services,0.56,0.88
49,Female,Urban,Low,"Reselling, Mobile Repair, Cooking",Technology,Home-based,Medium,7,None,Phone,Low,Digital Marketing Agency,Technology,0.63,0.53
29,Male,Urban,Medium,"Home Cleaning, Candle Making, Poultry Care",Art & Craft,Hybrid,Medium,6,Primary,None,Medium,Paper Crafts,Art & Craft,0.57,0.72
46,Female,Urban,Low,"Paper Craft, Cooking",Beauty,Home-based,Low,6,None,Phone + Internet,Medium,Skincare Product Making,Beauty,0.52,0.97
51,Female,Urban,Low,"Candle Making, Daycare Management, Sewing",Domestic Services,Hybrid,Medium,3,None,Vehicle,Medium,Cleaning Services,Domestic Services,0.87,0.99
46,Female,Semi-Urban,Low,"Mobile Repair, Digital Marketing, Crafting",Creative Services,Hybrid,High,3,None,Land + Vehicle,Low,Video Editing Service,Creative Services,0.49,0.73
51,Female,Semi-Urban,Low,"Farming, Sewing",Creative Services,Hybrid,High,2,None,Land + Vehicle,Low,Video Editing Service,Creative Services,0.45,0.68
27,Female,Urban,Medium,"Pickle Making, Hair Styling",E-commerce,Home-based,Low,7,Primary,Land + Vehicle,Low,Handmade Products Store,E-commerce,0.84,0.59
26,Female,Semi-Urban,Low,"Video Editing, Digital Marketing",Education,Hybrid,High,9,Secondary,Land,High,Spoken English Classes,Education,0.85,0.72
21,Female,Rural,Low,"Reselling, Content Creation, Candle Making, Baking",Technology,Home-based,Low,2,Primary,Land,High,Mobile Repair Shop,Technology,0.5,0.88
18,Male,Semi-Urban,Low,"Baking, Farming, Photography",Beauty,Home-based,Medium,10,Primary,None,Low,Home Salon,Beauty,0.77,0.83
44,Female,Rural,Medium,"Reselling, Dairy Management, Home Cleaning",Technology,Home-based,Medium,9,None,Phone + Internet,Medium,YouTube Channel,Technology,0.72,0.95
52,Male,Semi-Urban,Low,"Home Cleaning, Tailoring, Candle Making, Photography",Domestic Services,Home-based,High,5,Primary,None,Low,Babysitting,Domestic Services,0.87,0.85
18,Female,Semi-Urban,Low,"Home Cleaning, Dairy Management",Technology,Hybrid,High,5,Secondary,Land,Low,YouTube Channel,Technology,0.46,0.85
31,Female,Urban,Medium,"Reselling, Dairy Management",Creative Services,Outdoor,Low,3,Primary,None,High,Content Creation Agency,Creative Services,0.71,0.8
27,Male,Semi-Urban,Medium,"Dairy Management, Food Delivery, Mushroom Cultivation",Apparel,Hybrid,Medium,9,Primary,Phone,Medium,Embroidery Shop,Apparel,0.87,0.65
21,Female,Rural,Low,"Pickle Making, Poultry Care",Food & Beverage,Home-based,Medium,3,None,Land,Low,Homemade Pickles,Food & Beverage,0.57,0.73
40,Female,Semi-Urban,Low,"Baking, Farming, Embroidery, Dairy Management",Technology,Hybrid,Medium,2,None,Vehicle,High,Mobile Repair Shop,Technology,0.91,0.85
39,Female,Urban,Low,"Sewing, Hair Styling, Candle Making",Technology,Hybrid,Low,9,Primary,Internet,Medium,Mobile Repair Shop,Technology,0.9,0.96
55,Female,Semi-Urban,Medium,"Dairy Management, Video Editing, Reselling",Technology,Home-based,Low,7,Secondary,Phone,Low,YouTube Channel,Technology,0.93,0.56
31,Female,Rural,Low,"Mobile Repair, Embroidery, Hair Styling, Content Creation",Beauty,Hybrid,Medium,7,None,Vehicle,High,Mehendi Services,Beauty,0.44,0.81
36,Female,Urban,Medium,"Paper Craft, Crafting, Makeup, Tailoring",Art & Craft,Outdoor,Low,9,Primary,Land,Low,Jewelry Design,Art & Craft,0.76,0.88
28,Female,Rural,Low,"Crafting, Makeup, Candle Making",Food & Beverage,Hybrid,High,7,None,Phone,High,Spice Mixing,Food & Beverage,0.46,0.71
53,Female,Semi-Urban,Low,"Photography, Baking, Mushroom Cultivation, Hair Styling",Art & Craft,Home-based,Low,3,Primary,None,High,Candle Making,Art & Craft,0.89,0.61
28,Female,Urban,High,"Candle Making, Embroidery",Beauty,Outdoor,High,10,Primary,Land + Vehicle,High,Skincare Product Making,Beauty,0.5,0.65
37,Female,Rural,Medium,"Embroidery, Tailoring, Digital Marketing, Content Creation",Food & Beverage,Hybrid,Low,2,Secondary,Phone,High,Homemade Pickles,Food & Beverage,0.62,0.83
33,Female,Urban,Low,"Content Creation, Photography, Farming, Poultry Care",Technology,Home-based,Medium,7,None,Phone + Internet,Medium,YouTube Channel,Technology,0.54,0.7
47,Female,Rural,Low,"Cooking, Hair Styling, Farming",Food & Beverage,Outdoor,High,8,None,Internet,Medium,Snack Stall,Food & Beverage,0.58,0.65
39,Female,Semi-Urban,High,"Digital Marketing, Pickle Making, Cooking, Daycare Management",Agriculture,Outdoor,Medium,9,Secondary,Vehicle,High,Dairy Farming,Agriculture,0.95,0.8
34,Female,Urban,Medium,"Crafting, Photography",Technology,Outdoor,Low,4,Primary,Phone,High,Digital Marketing Agency,Technology,0.43,0.86
24,Male,Rural,Low,"Daycare Management, Makeup, Mushroom Cultivation, Mobile Repair",Domestic Services,Hybrid,Low,4,None,Phone,Low,Babysitting,Domestic Services,0.41,0.59
22,Female,Semi-Urban,High,"Digital Marketing, Reselling, Crafting, Sewing",Beauty,Home-based,High,9,Secondary,Phone + Internet,Low,Skincare Product Making,Beauty,0.63,0.73
19,Female,Rural,Medium,"Baking, Content Creation, Teaching, Daycare Management",Creative Services,Home-based,Low,2,None,Land + Vehicle,Low,Content Creation Agency,Creative Services,0.8,0.58
50,Female,Rural,Low,"Reselling, Crafting, Farming, Hair Styling",Domestic Services,Home-based,Medium,5,None,Phone + Internet,High,Babysitting,Domestic Services,0.77,0.67
50,Female,Urban,Low,"Home Cleaning, Hair Styling, Paper Craft, Dairy Management",Food & Beverage,Outdoor,Low,8,Primary,Phone,Medium,Homemade Pickles,Food & Beverage,0.45,0.58
25,Female,Urban,Low,"Mobile Repair, Video Editing, Food Delivery",Agriculture,Home-based,Medium,6,Secondary,Land,Low,Poultry Business,Agriculture,0.77,0.92
25,Female,Semi-Urban,Low,"Content Creation, Teaching, Farming",Domestic Services,Outdoor,High,7,Secondary,Phone + Internet,High,Cleaning Services,Domestic Services,0.66,0.89
49,Female,Rural,Medium,"Mobile Repair, Dairy Management",Creative Services,Outdoor,Medium,4,None,Internet,Low,Video Editing Service,Creative Services,0.72,0.63
20,Female,Semi-Urban,Low,"Photography, Video Editing, Dairy Management, Paper Craft",Art & Craft,Hybrid,Medium,10,Secondary,Vehicle,High,Jewelry Design,Art & Craft,0.86,0.89
55,Female,Rural,Low,"Digital Marketing, Crafting",Apparel,Hybrid,Low,6,Primary,Phone,High,Tailoring Business,Apparel,0.51,0.98
42,Female,Semi-Urban,Medium,"Food Delivery, Sewing, Farming, Photography",Technology,Hybrid,Medium,3,Secondary,Land + Vehicle,Medium,YouTube Channel,Technology,0.92,0.56
45,Female,Semi-Urban,High,"Dairy Management, Paper Craft, Poultry Care, Embroidery",Creative Services,Home-based,High,5,None,Vehicle,Low,Content Creation Agency,Creative Services,0.44,0.84
42,Female,Rural,Low,"Poultry Care, Paper Craft, Mobile Repair, Home Cleaning",Education,Outdoor,High,5,None,Vehicle,High,Spoken English Classes,Education,0.5,1.0
52,Female,Rural,Medium,"Mobile Repair, Makeup, Reselling, Video Editing",Art & Craft,Outdoor,High,9,Primary,Land + Vehicle,High,Jewelry Design,Art & Craft,0.64,0.57
20,Male,Semi-Urban,Low,"Hair Styling, Cooking, Mobile Repair, Pickle Making",Education,Outdoor,Low,7,None,Land,Medium,Daycare Center,Education,0.75,0.74
20,Female,Rural,Low,"Digital Marketing, Content Creation, Photography, Daycare Management",Agriculture,Hybrid,High,3,Primary,Internet,Medium,Poultry Business,Agriculture,0.92,0.64
22,Female,Rural,Low,"Food Delivery, Mobile Repair, Teaching",Beauty,Hybrid,Low,10,Secondary,None,Low,Mehendi Services,Beauty,0.71,0.53
32,Male,Rural,Low,"Farming, Candle Making, Digital Marketing, Poultry Care",Beauty,Home-based,Low,4,Primary,Phone + Internet,High,Skincare Product Making,Beauty,0.59,0.83
43,Female,Rural,Low,"Tailoring, Video Editing, Baking, Digital Marketing",Art & Craft,Outdoor,Low,6,Primary,Phone,High,Paper Crafts,Art & Craft,0.92,0.74
48,Female,Urban,Medium,"Makeup, Tailoring, Video Editing, Home Cleaning",Agriculture,Hybrid,High,5,None,None,Medium,Poultry Business,Agriculture,0.59,0.59
26,Female,Rural,High,"Home Cleaning, Hair Styling",Agriculture,Outdoor,High,6,Primary,None,High,Dairy Farming,Agriculture,0.5,0.65
26,Female,Semi-Urban,Low,"Mobile Repair, Teaching, Content Creation",Art & Craft,Outdoor,High,3,None,Land + Vehicle,High,Candle Making,Art & Craft,0.75,0.88
48,Female,Urban,Low,"Sewing, Food Delivery, Digital Marketing, Hair Styling",Domestic Services,Home-based,Low,3,Primary,Land,High,Home Cook,Domestic Services,0.49,0.9
45,Female,Semi-Urban,High,"Digital Marketing, Mobile Repair",Domestic Services,Hybrid,High,8,Secondary,None,Low,Cleaning Services,Domestic Services,0.41,0.98
53,Female,Rural,Low,"Poultry Care, Cooking, Food Delivery, Makeup",Education,Hybrid,Low,3,Primary,Phone,High,Home Tuition,Education,0.65,0.94
19,Female,Urban,Low,"Poultry Care, Sewing",Education,Home-based,Medium,2,Primary,Phone + Internet,Medium,Home Tuition,Education,0.69,0.51
50,Female,Rural,Low,"Baking, Teaching",Food & Beverage,Outdoor,Low,8,Secondary,Land,Low,Spice Mixing,Food & Beverage,0.63,0.83
41,Female,Semi-Urban,Low,"Paper Craft, Content Creation, Photography",Technology,Outdoor,Low,2,None,Land,Low,Digital Marketing Agency,Technology,0.78,0.69
38,Female,Urban,Low,"Makeup, Food Delivery, Crafting, Cooking",Education,Outdoor,Medium,4,Secondary,None,Medium,Spoken English Classes,Education,0.65,0.65
20,Female,Urban,Medium,"Reselling, Sewing, Pickle Making",Apparel,Hybrid,Low,6,Secondary,Phone + Internet,Medium,Embroidery Shop,Apparel,0.58,0.53
31,Male,Rural,Medium,"Baking, Dairy Management, Mobile Repair, Tailoring",Technology,Hybrid,Low,6,Secondary,Vehicle,Low,Mobile Repair Shop,Technology,0.44,0.71
37,Female,Semi-Urban,Low,"Baking, Cooking, Mushroom Cultivation, Pickle Making",Creative Services,Hybrid,Medium,7,None,Land,Low,Video Editing Service,Creative Services,0.88,0.66
43,Female,Semi-Urban,Medium,"Makeup, Mobile Repair, Teaching",Domestic Services,Outdoor,High,3,Primary,Phone + Internet,High,Babysitting,Domestic Services,0.4,0.54
33,Female,Rural,Low,"Photography, Paper Craft",Food & Beverage,Home-based,Low,2,None,Phone,High,Spice Mixing,Food & Beverage,0.9,0.74
53,Female,Rural,Low,"Poultry Care, Photography",Beauty,Hybrid,Low,5,Primary,Phone,Medium,Home Salon,Beauty,0.66,0.74
40,Female,Semi-Urban,Low,"Daycare Management, Photography, Teaching, Candle Making",E-commerce,Home-based,Medium,7,Primary,None,Low,Dropshipping,E-commerce,0.73,0.97
45,Female,Semi-Urban,Low,"Content Creation, Video Editing",Creative Services,Outdoor,Medium,3,Primary,Vehicle,Low,Photography Studio,Creative Services,0.64,0.91
47,Female,Rural,Low,"Digital Marketing, Mobile Repair, Photography",Agriculture,Home-based,Low,3,None,None,High,Poultry Business,Agriculture,0.84,0.82
40,Female,Rural,Low,"Digital Marketing, Paper Craft, Candle Making, Poultry Care",Apparel,Home-based,High,3,Primary,Internet,Low,Embroidery Shop,Apparel,0.79,0.97
48,Female,Urban,Low,"Cooking, Embroidery, Pickle Making",Beauty,Home-based,High,9,None,None,High,Home Salon,Beauty,0.46,0.98
25,Male,Urban,High,"Tailoring, Teaching, Dairy Management, Pickle Making",Art & Craft,Outdoor,Medium,6,Primary,Vehicle,High,Jewelry Design,Art & Craft,0.44,0.95
37,Female,Urban,Medium,"Home Cleaning, Crafting, Reselling, Mobile Repair",Art & Craft,Hybrid,Medium,2,Primary,Phone + Internet,Medium,Jewelry Design,Art & Craft,0.81,0.73
24,Female,Urban,Low,"Crafting, Home Cleaning, Embroidery, Digital Marketing",Food & Beverage,Home-based,Medium,2,Primary,Internet,High,Homemade Pickles,Food & Beverage,0.86,0.55
40,Male,Rural,Medium,"Makeup, Home Cleaning",Beauty,Outdoor,Low,10,None,None,Medium,Home Salon,Beauty,0.43,0.82
23,Female,Semi-Urban,Low,"Food Delivery, Sewing, Candle Making, Poultry Care",Food & Beverage,Outdoor,Low,7,None,Phone + Internet,High,Tiffin Service,Food & Beverage,0.58,0.81
23,Female,Urban,Low,"Makeup, Food Delivery, Daycare Management, Home Cleaning",Apparel,Outdoor,High,2,Secondary,None,Low,Tailoring Business,Apparel,0.87,0.89
38,Female,Rural,Low,"Daycare Management, Crafting",Agriculture,Home-based,Low,7,Primary,Phone + Internet,Low,Mushroom Cultivation,Agriculture,0.84,0.88
35,Female,Urban,Low,"Mushroom Cultivation, Baking",Creative Services,Hybrid,High,9,None,Phone + Internet,Low,Video Editing Service,Creative Services,0.54,0.51
55,Female,Semi-Urban,Medium,"Pickle Making, Photography, Mobile Repair, Hair Styling",Creative Services,Home-based,High,7,None,None,Medium,Photography Studio,Creative Services,0.87,0.56
29,Female,Urban,Medium,"Makeup, Baking, Photography",Art & Craft,Home-based,High,10,Secondary,Land + Vehicle,Low,Paper Crafts,Art & Craft,0.45,0.79
41,Female,Rural,Low,"Makeup, Hair Styling, Dairy Management, Digital Marketing",Agriculture,Home-based,Low,3,Primary,Internet,Medium,Mushroom Cultivation,Agriculture,0.64,0.76
50,Female,Rural,Medium,"Cooking, Baking, Paper Craft, Food Delivery",Agriculture,Outdoor,High,3,Secondary,Land,High,Dairy Farming,Agriculture,0.75,0.65
43,Male,Rural,Low,"Crafting, Cooking, Mushroom Cultivation",Agriculture,Outdoor,High,9,Secondary,Internet,Low,Dairy Farming,Agriculture,0.43,0.77
48,Male,Semi-Urban,Low,"Mushroom Cultivation, Tailoring, Food Delivery, Sewing",Art & Craft,Home-based,Medium,9,None,Land + Vehicle,Low,Paper Crafts,Art & Craft,0.94,0.77
20,Female,Semi-Urban,Low,"Daycare Management, Poultry Care, Sewing, Farming",Education,Hybrid,High,6,Primary,Land,Medium,Daycare Center,Education,0.78,0.95
50,Female,Rural,Low,"Farming, Embroidery",Beauty,Home-based,Low,7,Secondary,Phone,High,Skincare Product Making,Beauty,0.78,0.56
18,Female,Rural,Medium,"Farming, Pickle Making, Poultry Care",Creative Services,Hybrid,High,5,Primary,Internet,High,Video Editing Service,Creative Services,0.71,0.86
33,Female,Urban,High,"Makeup, Hair Styling, Mobile Repair",Technology,Hybrid,High,8,None,Vehicle,Low,YouTube Channel,Technology,0.7,0.88
24,Female,Semi-Urban,Low,"Embroidery, Tailoring, Food Delivery",Apparel,Outdoor,High,7,Primary,Land + Vehicle,High,Embroidery Shop,Apparel,0.81,0.54
28,Male,Rural,Low,"Makeup, Farming, Pickle Making",Beauty,Outdoor,Medium,2,None,Phone,Low,Mehendi Services,Beauty,0.61,0.88
37,Male,Rural,High,"Tailoring, Pickle Making, Mushroom Cultivation",Agriculture,Hybrid,Low,8,Secondary,Vehicle,Low,Poultry Business,Agriculture,0.81,0.84
54,Female,Urban,Medium,"Paper Craft, Daycare Management",Education,Home-based,Medium,10,None,Vehicle,Medium,Daycare Center,Education,0.54,0.86
35,Female,Semi-Urban,High,"Baking, Digital Marketing, Dairy Management",Apparel,Home-based,Low,10,None,Phone + Internet,Medium,Embroidery Shop,Apparel,0.48,0.64
44,Female,Rural,Low,"Hair Styling, Photography, Digital Marketing, Home Cleaning",Technology,Hybrid,Medium,8,Primary,Land,Low,Digital Marketing Agency,Technology,0.56,0.77
45,Male,Semi-Urban,Medium,"Candle Making, Cooking",Apparel,Hybrid,High,10,Secondary,Internet,High,Tailoring Business,Apparel,0.43,0.55
43,Male,Rural,Medium,"Digital Marketing, Content Creation, Tailoring, Teaching",Domestic Services,Hybrid,Medium,9,Primary,None,Medium,Home Cook,Domestic Services,0.86,0.65
24,Male,Semi-Urban,Medium,"Baking, Digital Marketing, Poultry Care",Agriculture,Outdoor,Medium,3,None,Internet,Medium,Mushroom Cultivation,Agriculture,0.57,0.56
19,Female,Urban,Low,"Embroidery, Teaching, Paper Craft, Mushroom Cultivation",Food & Beverage,Hybrid,Medium,3,Secondary,Land,High,Tiffin Service,Food & Beverage,0.84,0.84
26,Male,Semi-Urban,Medium,"Content Creation, Video Editing, Food Delivery",Agriculture,Home-based,High,6,Primary,Land + Vehicle,High,Mushroom Cultivation,Agriculture,0.43,0.57
48,Female,Semi-Urban,Medium,"Pickle Making, Crafting, Candle Making",Apparel,Home-based,Low,2,None,Land,Medium,Tailoring Business,Apparel,0.84,0.75
29,Female,Rural,High,"Candle Making, Makeup, Paper Craft, Poultry Care",Creative Services,Home-based,Medium,5,Primary,Land,Low,Content Creation Agency,Creative Services,0.8,0.52
18,Female,Urban,Medium,"Crafting, Poultry Care, Dairy Management, Farming",Art & Craft,Hybrid,High,2,Primary,Land,High,Paper Crafts,Art & Craft,0.78,0.78
24,Female,Rural,Medium,"Daycare Management, Sewing, Crafting",Technology,Outdoor,Medium,8,Primary,Internet,Medium,Digital Marketing Agency,Technology,0.93,0.82
36,Female,Urban,Low,"Sewing, Photography, Embroidery",Agriculture,Outdoor,Medium,3,Primary,None,Low,Dairy Farming,Agriculture,0.82,0.93
47,Female,Semi-Urban,Low,"Poultry Care, Food Delivery, Home Cleaning",Domestic Services,Hybrid,High,4,Primary,Land + Vehicle,High,Cleaning Services,Domestic Services,0.73,0.8
30,Female,Rural,Low,"Sewing, Home Cleaning, Baking",Food & Beverage,Hybrid,High,7,None,Land + Vehicle,High,Snack Stall,Food & Beverage,0.48,0.52
43,Female,Rural,High,"Dairy Management, Candle Making",Domestic Services,Hybrid,Low,5,None,Land + Vehicle,Low,Home Cook,Domestic Services,0.44,0.92
54,Female,Semi-Urban,Low,"Embroidery, Home Cleaning, Crafting",Agriculture,Hybrid,High,2,None,Phone + Internet,Low,Poultry Business,Agriculture,0.44,0.88
53,Female,Urban,Medium,"Photography, Video Editing, Food Delivery",Beauty,Hybrid,Medium,5,None,Phone + Internet,High,Home Salon,Beauty,0.82,0.74
25,Female,Urban,Low,"Poultry Care, Mushroom Cultivation, Pickle Making, Reselling",Domestic Services,Outdoor,High,4,Primary,Phone + Internet,High,Babysitting,Domestic Services,0.95,0.8
49,Female,Semi-Urban,Medium,"Teaching, Poultry Care, Home Cleaning",E-commerce,Home-based,High,7,Secondary,Internet,Medium,Dropshipping,E-commerce,0.46,0.57
54,Female,Rural,Medium,"Food Delivery, Teaching",Agriculture,Hybrid,Medium,2,Primary,Phone + Internet,High,Dairy Farming,Agriculture,0.71,0.96
54,Female,Rural,Medium,"Home Cleaning, Baking, Reselling, Mushroom Cultivation",Technology,Hybrid,High,3,Primary,Land,Medium,YouTube Channel,Technology,0.45,0.54
42,Female,Rural,Low,"Video Editing, Makeup, Embroidery, Digital Marketing",Technology,Home-based,High,6,Primary,Internet,High,YouTube Channel,Technology,0.45,0.89
27,Male,Urban,Low,"Poultry Care, Embroidery, Digital Marketing, Content Creation",Agriculture,Home-based,Low,10,None,None,High,Poultry Business,Agriculture,0.8,0.85
